human selector_52_action;human selector_52_location;human_53_action;human_53_location;machine_54_action;machine_54_location;victim_55_action;victim_55_location;gravitygod_56_action;gravitygod_56_location;rewardgod_57_action;rewardgod_57_location;robot selector_58_action;robot selector_58_location;world_nr;tick_nr
;(3, 4);;(1, 7);;(15, 7);;(8, 7);;(0, 0);;(0, 0);;(4, 4);1;0
;(3, 4);;(1, 7);;(15, 7);ManageImg;(8, 7);Fall;(0, 0);;(0, 0);Idle;(4, 4);1;1
;(3, 4);;(1, 7);;(15, 7);ManageImg;(8, 7);Fall;(0, 0);;(0, 0);Idle;(4, 4);1;2
;(3, 4);;(1, 7);;(15, 7);ManageImg;(8, 7);Fall;(0, 0);;(0, 0);Idle;(4, 4);1;3
;(3, 4);;(1, 7);;(15, 7);ManageImg;(8, 7);Fall;(0, 0);;(0, 0);Idle;(4, 4);1;4
;(3, 4);;(1, 7);;(15, 7);ManageImg;(8, 7);Fall;(0, 0);;(0, 0);Idle;(4, 4);1;5
;(3, 4);;(1, 7);;(15, 7);ManageImg;(8, 7);Fall;(0, 0);;(0, 0);Idle;(4, 4);1;6
;(3, 4);;(1, 7);;(15, 7);ManageImg;(8, 7);Fall;(0, 0);;(0, 0);Idle;(4, 4);1;7
;(3, 4);;(1, 7);;(15, 7);ManageImg;(8, 7);Fall;(0, 0);;(0, 0);Idle;(4, 4);1;8
;(3, 4);;(1, 7);;(15, 7);ManageImg;(8, 7);Fall;(0, 0);;(0, 0);Idle;(4, 4);1;9
;(3, 4);;(1, 7);;(15, 7);ManageImg;(8, 7);Fall;(0, 0);;(0, 0);Idle;(4, 4);1;10
;(3, 4);;(1, 7);;(15, 7);ManageImg;(8, 7);Fall;(0, 0);;(0, 0);Idle;(4, 4);1;11
;(3, 4);;(1, 7);;(15, 7);ManageImg;(8, 7);Fall;(0, 0);;(0, 0);Idle;(4, 4);1;12
;(3, 4);;(1, 7);;(15, 7);ManageImg;(8, 7);Fall;(0, 0);;(0, 0);Idle;(4, 4);1;13
;(3, 4);;(1, 7);;(15, 7);ManageImg;(8, 7);Fall;(0, 0);;(0, 0);Idle;(4, 4);1;14
;(3, 4);;(1, 7);;(15, 7);ManageImg;(8, 7);Fall;(0, 0);;(0, 0);Idle;(4, 4);1;15
;(3, 4);;(1, 7);;(15, 7);ManageImg;(8, 7);Fall;(0, 0);;(0, 0);Idle;(4, 4);1;16
;(3, 4);;(1, 7);;(15, 7);ManageImg;(8, 7);Fall;(0, 0);;(0, 0);Idle;(4, 4);1;17
;(3, 4);;(1, 7);;(15, 7);ManageImg;(8, 7);Fall;(0, 0);;(0, 0);Idle;(4, 4);1;18
;(3, 4);;(1, 7);;(15, 7);ManageImg;(8, 7);Fall;(0, 0);;(0, 0);Idle;(4, 4);1;19
;(3, 4);;(1, 7);;(15, 7);ManageImg;(8, 7);Fall;(0, 0);;(0, 0);Idle;(4, 4);1;20
;(3, 4);;(1, 7);;(15, 7);ManageImg;(8, 7);Fall;(0, 0);;(0, 0);Idle;(4, 4);1;21
;(3, 4);;(1, 7);;(15, 7);ManageImg;(8, 7);Fall;(0, 0);;(0, 0);Idle;(4, 4);1;22
;(3, 4);;(1, 7);;(15, 7);ManageImg;(8, 7);Fall;(0, 0);;(0, 0);Idle;(4, 4);1;23
;(3, 4);;(1, 7);;(15, 7);ManageImg;(8, 7);Fall;(0, 0);;(0, 0);Idle;(4, 4);1;24
;(3, 4);;(1, 7);;(15, 7);ManageImg;(8, 7);Fall;(0, 0);;(0, 0);Idle;(4, 4);1;25
;(3, 4);;(1, 7);;(15, 7);ManageImg;(8, 7);Fall;(0, 0);;(0, 0);Idle;(4, 4);1;26
;(3, 4);;(1, 7);;(15, 7);ManageImg;(8, 7);Fall;(0, 0);;(0, 0);Idle;(4, 4);1;27
;(3, 4);;(1, 7);;(15, 7);ManageImg;(8, 7);Fall;(0, 0);;(0, 0);Idle;(4, 4);1;28
;(3, 4);;(1, 7);;(15, 7);ManageImg;(8, 7);Fall;(0, 0);;(0, 0);Idle;(4, 4);1;29
;(3, 4);;(1, 7);;(15, 7);ManageImg;(8, 7);Fall;(0, 0);;(0, 0);Idle;(4, 4);1;30
;(3, 4);;(1, 7);;(15, 7);ManageImg;(8, 7);Fall;(0, 0);;(0, 0);Idle;(4, 4);1;31
;(3, 4);;(1, 7);;(15, 7);ManageImg;(8, 7);Fall;(0, 0);;(0, 0);Idle;(4, 4);1;32
;(3, 4);;(1, 7);;(15, 7);ManageImg;(8, 7);Fall;(0, 0);;(0, 0);Idle;(4, 4);1;33
;(3, 4);;(1, 7);;(15, 7);ManageImg;(8, 7);Fall;(0, 0);;(0, 0);Idle;(4, 4);1;34
;(3, 4);;(1, 7);;(15, 7);ManageImg;(8, 7);Fall;(0, 0);;(0, 0);Idle;(4, 4);1;35
;(3, 4);;(1, 7);;(15, 7);ManageImg;(8, 7);Fall;(0, 0);;(0, 0);Idle;(4, 4);1;36
;(3, 4);;(1, 7);;(15, 7);ManageImg;(8, 7);Fall;(0, 0);;(0, 0);Idle;(4, 4);1;37
;(3, 4);;(1, 7);;(15, 7);ManageImg;(8, 7);Fall;(0, 0);;(0, 0);Idle;(4, 4);1;38
;(3, 4);;(1, 7);;(15, 7);ManageImg;(8, 7);Fall;(0, 0);;(0, 0);Idle;(4, 4);1;39
;(3, 4);;(1, 7);;(15, 7);ManageImg;(8, 7);Fall;(0, 0);;(0, 0);Idle;(4, 4);1;40
;(3, 4);;(1, 7);;(15, 7);ManageImg;(8, 7);Fall;(0, 0);;(0, 0);Idle;(4, 4);1;41
;(3, 4);;(1, 7);;(15, 7);ManageImg;(8, 7);Fall;(0, 0);;(0, 0);Idle;(4, 4);1;42
;(3, 4);;(1, 7);;(15, 7);ManageImg;(8, 7);Fall;(0, 0);;(0, 0);Idle;(4, 4);1;43
;(3, 4);;(1, 7);;(15, 7);ManageImg;(8, 7);Fall;(0, 0);;(0, 0);Idle;(4, 4);1;44
;(3, 4);;(1, 7);;(15, 7);ManageImg;(8, 7);Fall;(0, 0);;(0, 0);;(4, 4);1;45
;(3, 4);;(1, 7);;(15, 7);ManageImg;(8, 7);Fall;(0, 0);;(0, 0);;(4, 4);1;46
;(3, 4);;(1, 7);;(15, 7);ManageImg;(8, 7);Fall;(0, 0);;(0, 0);MoveNorthEast;(4, 4);1;47
;(3, 4);;(1, 7);;(15, 7);ManageImg;(8, 7);Fall;(0, 0);;(0, 0);MoveNorthEast;(4, 4);1;48
;(3, 4);;(1, 7);;(15, 7);ManageImg;(8, 7);Fall;(0, 0);;(0, 0);MoveNorthEast;(4, 4);1;49
;(3, 4);;(1, 7);;(15, 7);ManageImg;(8, 7);Fall;(0, 0);;(0, 0);MoveNorthEast;(4, 4);1;50
;(3, 4);;(1, 7);;(15, 7);ManageImg;(8, 7);Fall;(0, 0);;(0, 0);MoveNorthEast;(4, 4);1;51
;(3, 4);;(1, 7);;(15, 7);ManageImg;(8, 7);Fall;(0, 0);;(0, 0);MoveNorthEast;(4, 4);1;52
;(3, 4);;(1, 7);;(15, 7);ManageImg;(8, 7);Fall;(0, 0);;(0, 0);MoveNorthEast;(4, 4);1;53
;(3, 4);;(1, 7);;(15, 7);ManageImg;(8, 7);Fall;(0, 0);;(0, 0);MoveNorthEast;(4, 4);1;54
;(3, 4);;(1, 7);;(15, 7);ManageImg;(8, 7);Fall;(0, 0);;(0, 0);MoveNorthEast;(4, 4);1;55
;(3, 4);;(1, 7);;(15, 7);ManageImg;(8, 7);Fall;(0, 0);;(0, 0);MoveNorthEast;(4, 4);1;56
;(3, 4);;(1, 7);;(15, 7);ManageImg;(8, 7);Fall;(0, 0);;(0, 0);MoveNorthEast;(5, 3);1;57
;(3, 4);;(1, 7);;(15, 7);ManageImg;(8, 7);Fall;(0, 0);;(0, 0);MoveEast;(5, 3);1;58
;(3, 4);;(1, 7);;(15, 7);ManageImg;(8, 7);Fall;(0, 0);;(0, 0);MoveEast;(5, 3);1;59
;(3, 4);;(1, 7);;(15, 7);ManageImg;(8, 7);Fall;(0, 0);;(0, 0);MoveEast;(5, 3);1;60
;(3, 4);;(1, 7);;(15, 7);ManageImg;(8, 7);Fall;(0, 0);;(0, 0);MoveEast;(5, 3);1;61
;(3, 4);;(1, 7);;(15, 7);ManageImg;(8, 7);Fall;(0, 0);;(0, 0);MoveEast;(5, 3);1;62
;(3, 4);;(1, 7);;(15, 7);ManageImg;(8, 7);Fall;(0, 0);;(0, 0);MoveEast;(5, 3);1;63
;(3, 4);;(1, 7);;(15, 7);ManageImg;(8, 7);Fall;(0, 0);;(0, 0);MoveEast;(5, 3);1;64
;(3, 4);;(1, 7);;(15, 7);ManageImg;(8, 7);Fall;(0, 0);;(0, 0);MoveEast;(5, 3);1;65
;(3, 4);;(1, 7);;(15, 7);ManageImg;(8, 7);Fall;(0, 0);;(0, 0);MoveEast;(5, 3);1;66
;(3, 4);;(1, 7);;(15, 7);ManageImg;(8, 7);Fall;(0, 0);;(0, 0);MoveEast;(5, 3);1;67
;(3, 4);;(1, 7);;(15, 7);ManageImg;(8, 7);Fall;(0, 0);;(0, 0);MoveEast;(6, 3);1;68
;(3, 4);;(1, 7);;(15, 7);ManageImg;(8, 7);Fall;(0, 0);;(0, 0);MoveNorthEast;(6, 3);1;69
;(3, 4);;(1, 7);;(15, 7);ManageImg;(8, 7);Fall;(0, 0);;(0, 0);MoveNorthEast;(6, 3);1;70
;(3, 4);;(1, 7);;(15, 7);ManageImg;(8, 7);Fall;(0, 0);;(0, 0);MoveNorthEast;(6, 3);1;71
;(3, 4);;(1, 7);;(15, 7);ManageImg;(8, 7);Fall;(0, 0);;(0, 0);MoveNorthEast;(6, 3);1;72
;(3, 4);;(1, 7);;(15, 7);ManageImg;(8, 7);Fall;(0, 0);;(0, 0);MoveNorthEast;(6, 3);1;73
;(3, 4);;(1, 7);;(15, 7);ManageImg;(8, 7);Fall;(0, 0);;(0, 0);MoveNorthEast;(6, 3);1;74
;(3, 4);;(1, 7);;(15, 7);ManageImg;(8, 7);Fall;(0, 0);;(0, 0);MoveNorthEast;(6, 3);1;75
;(3, 4);;(1, 7);;(15, 7);ManageImg;(8, 7);Fall;(0, 0);;(0, 0);MoveNorthEast;(6, 3);1;76
;(3, 4);;(1, 7);;(15, 7);ManageImg;(8, 7);Fall;(0, 0);;(0, 0);MoveNorthEast;(6, 3);1;77
;(3, 4);;(1, 7);;(15, 7);ManageImg;(8, 7);Fall;(0, 0);;(0, 0);MoveNorthEast;(6, 3);1;78
;(3, 4);;(1, 7);;(15, 7);ManageImg;(8, 7);Fall;(0, 0);;(0, 0);MoveNorthEast;(7, 2);1;79
;(3, 4);;(1, 7);;(15, 7);ManageImg;(8, 7);Fall;(0, 0);;(0, 0);GrabLargeObject;(7, 2);1;80
;(3, 4);;(1, 7);;(15, 7);ManageImg;(8, 7);Fall;(0, 0);;(0, 0);GrabLargeObject;(7, 2);1;81
;(3, 4);;(1, 7);;(15, 7);ManageImg;(8, 7);Fall;(0, 0);;(0, 0);GrabLargeObject;(7, 2);1;82
;(3, 4);;(1, 7);;(15, 7);ManageImg;(8, 7);Fall;(0, 0);;(0, 0);GrabLargeObject;(7, 2);1;83
;(3, 4);;(1, 7);;(15, 7);ManageImg;(8, 7);Fall;(0, 0);;(0, 0);GrabLargeObject;(7, 2);1;84
;(3, 4);;(1, 7);;(15, 7);ManageImg;(8, 7);Fall;(0, 0);;(0, 0);GrabLargeObject;(7, 2);1;85
;(3, 4);;(1, 7);;(15, 7);ManageImg;(8, 7);Fall;(0, 0);;(0, 0);GrabLargeObject;(7, 2);1;86
;(3, 4);;(1, 7);;(15, 7);ManageImg;(8, 7);Fall;(0, 0);;(0, 0);GrabLargeObject;(7, 2);1;87
;(3, 4);;(1, 7);;(15, 7);ManageImg;(8, 7);Fall;(0, 0);;(0, 0);GrabLargeObject;(7, 2);1;88
;(3, 4);;(1, 7);;(15, 7);ManageImg;(8, 7);Fall;(0, 0);;(0, 0);GrabLargeObject;(7, 2);1;89
;(3, 4);;(1, 7);;(15, 7);ManageImg;(8, 7);Fall;(0, 0);;(0, 0);GrabLargeObject;(7, 2);1;90
;(3, 4);;(1, 7);;(15, 7);ManageImg;(8, 7);Fall;(0, 0);;(0, 0);Idle;(7, 2);1;91
;(3, 4);;(1, 7);;(15, 7);ManageImg;(8, 7);Fall;(0, 0);;(0, 0);Idle;(7, 2);1;92
;(3, 4);;(1, 7);;(15, 7);ManageImg;(8, 7);Fall;(0, 0);;(0, 0);Idle;(7, 2);1;93
;(3, 4);;(1, 7);;(15, 7);ManageImg;(8, 7);Fall;(0, 0);;(0, 0);Idle;(7, 2);1;94
;(3, 4);;(1, 7);;(15, 7);ManageImg;(8, 7);Fall;(0, 0);;(0, 0);Idle;(7, 2);1;95
;(3, 4);;(1, 7);;(15, 7);ManageImg;(8, 7);Fall;(0, 0);;(0, 0);Idle;(7, 2);1;96
;(3, 4);;(1, 7);;(15, 7);ManageImg;(8, 7);Fall;(0, 0);;(0, 0);Idle;(7, 2);1;97
;(3, 4);;(1, 7);;(15, 7);ManageImg;(8, 7);Fall;(0, 0);;(0, 0);Idle;(7, 2);1;98
;(3, 4);;(1, 7);;(15, 7);ManageImg;(8, 7);Fall;(0, 0);;(0, 0);Idle;(7, 2);1;99
;(3, 4);;(1, 7);;(15, 7);ManageImg;(8, 7);Fall;(0, 0);;(0, 0);Idle;(7, 2);1;100
;(3, 4);;(1, 7);;(15, 7);ManageImg;(8, 7);Fall;(0, 0);;(0, 0);Idle;(7, 2);1;101
;(3, 4);;(1, 7);;(15, 7);ManageImg;(8, 7);Fall;(0, 0);;(0, 0);;(7, 2);1;102
;(3, 4);;(1, 7);;(15, 7);ManageImg;(8, 7);Fall;(0, 0);;(0, 0);;(7, 2);1;103
;(3, 4);;(1, 7);;(15, 7);ManageImg;(8, 7);Fall;(0, 0);;(0, 0);MoveWest;(7, 2);1;104
;(3, 4);;(1, 7);;(15, 7);ManageImg;(8, 7);Fall;(0, 0);;(0, 0);MoveWest;(7, 2);1;105
;(3, 4);;(1, 7);;(15, 7);ManageImg;(8, 7);Fall;(0, 0);;(0, 0);MoveWest;(7, 2);1;106
;(3, 4);;(1, 7);;(15, 7);ManageImg;(8, 7);Fall;(0, 0);;(0, 0);MoveWest;(7, 2);1;107
;(3, 4);;(1, 7);;(15, 7);ManageImg;(8, 7);Fall;(0, 0);;(0, 0);MoveWest;(7, 2);1;108
;(3, 4);;(1, 7);;(15, 7);ManageImg;(8, 7);Fall;(0, 0);;(0, 0);MoveWest;(7, 2);1;109
;(3, 4);;(1, 7);;(15, 7);ManageImg;(8, 7);Fall;(0, 0);;(0, 0);MoveWest;(7, 2);1;110
;(3, 4);;(1, 7);;(15, 7);ManageImg;(8, 7);Fall;(0, 0);;(0, 0);MoveWest;(7, 2);1;111
;(3, 4);;(1, 7);;(15, 7);ManageImg;(8, 7);Fall;(0, 0);;(0, 0);MoveWest;(7, 2);1;112
;(3, 4);;(1, 7);;(15, 7);ManageImg;(8, 7);Fall;(0, 0);;(0, 0);MoveWest;(7, 2);1;113
;(3, 4);;(1, 7);;(15, 7);ManageImg;(8, 7);Fall;(0, 0);;(0, 0);MoveWest;(6, 2);1;114
;(3, 4);;(1, 7);;(15, 7);ManageImg;(8, 7);Fall;(0, 0);;(0, 0);MoveWest;(6, 2);1;115
;(3, 4);;(1, 7);;(15, 7);ManageImg;(8, 7);Fall;(0, 0);;(0, 0);MoveWest;(6, 2);1;116
;(3, 4);;(1, 7);;(15, 7);ManageImg;(8, 7);Fall;(0, 0);;(0, 0);MoveWest;(6, 2);1;117
;(3, 4);;(1, 7);;(15, 7);ManageImg;(8, 7);Fall;(0, 0);;(0, 0);MoveWest;(6, 2);1;118
;(3, 4);;(1, 7);;(15, 7);ManageImg;(8, 7);Fall;(0, 0);;(0, 0);MoveWest;(6, 2);1;119
;(3, 4);;(1, 7);;(15, 7);ManageImg;(8, 7);Fall;(0, 0);;(0, 0);MoveWest;(6, 2);1;120
;(3, 4);;(1, 7);;(15, 7);ManageImg;(8, 7);Fall;(0, 0);;(0, 0);MoveWest;(6, 2);1;121
;(3, 4);;(1, 7);;(15, 7);ManageImg;(8, 7);Fall;(0, 0);;(0, 0);MoveWest;(6, 2);1;122
;(3, 4);;(1, 7);;(15, 7);ManageImg;(8, 7);Fall;(0, 0);;(0, 0);MoveWest;(6, 2);1;123
;(3, 4);;(1, 7);;(15, 7);ManageImg;(8, 7);Fall;(0, 0);;(0, 0);MoveWest;(6, 2);1;124
;(3, 4);;(1, 7);;(15, 7);ManageImg;(8, 7);Fall;(0, 0);;(0, 0);MoveWest;(5, 2);1;125
;(3, 4);;(1, 7);;(15, 7);ManageImg;(8, 7);Fall;(0, 0);;(0, 0);MoveWest;(5, 2);1;126
;(3, 4);;(1, 7);;(15, 7);ManageImg;(8, 7);Fall;(0, 0);;(0, 0);MoveWest;(5, 2);1;127
;(3, 4);;(1, 7);;(15, 7);ManageImg;(8, 7);Fall;(0, 0);;(0, 0);MoveWest;(5, 2);1;128
;(3, 4);;(1, 7);;(15, 7);ManageImg;(8, 7);Fall;(0, 0);;(0, 0);MoveWest;(5, 2);1;129
;(3, 4);;(1, 7);;(15, 7);ManageImg;(8, 7);Fall;(0, 0);;(0, 0);MoveWest;(5, 2);1;130
;(3, 4);;(1, 7);;(15, 7);ManageImg;(8, 7);Fall;(0, 0);;(0, 0);MoveWest;(5, 2);1;131
;(3, 4);;(1, 7);;(15, 7);ManageImg;(8, 7);Fall;(0, 0);;(0, 0);MoveWest;(5, 2);1;132
;(3, 4);;(1, 7);;(15, 7);ManageImg;(8, 7);Fall;(0, 0);;(0, 0);MoveWest;(5, 2);1;133
;(3, 4);;(1, 7);;(15, 7);ManageImg;(8, 7);Fall;(0, 0);;(0, 0);MoveWest;(5, 2);1;134
;(3, 4);;(1, 7);;(15, 7);ManageImg;(8, 7);Fall;(0, 0);;(0, 0);MoveWest;(5, 2);1;135
;(3, 4);;(1, 7);;(15, 7);ManageImg;(8, 7);Fall;(0, 0);;(0, 0);MoveWest;(4, 2);1;136
;(3, 4);;(1, 7);;(15, 7);ManageImg;(8, 7);Fall;(0, 0);;(0, 0);MoveWest;(4, 2);1;137
;(3, 4);;(1, 7);;(15, 7);ManageImg;(8, 7);Fall;(0, 0);;(0, 0);MoveWest;(4, 2);1;138
;(3, 4);;(1, 7);;(15, 7);ManageImg;(8, 7);Fall;(0, 0);;(0, 0);MoveWest;(4, 2);1;139
;(3, 4);;(1, 7);;(15, 7);ManageImg;(8, 7);Fall;(0, 0);;(0, 0);MoveWest;(4, 2);1;140
;(3, 4);;(1, 7);;(15, 7);ManageImg;(8, 7);Fall;(0, 0);;(0, 0);MoveWest;(4, 2);1;141
;(3, 4);;(1, 7);;(15, 7);ManageImg;(8, 7);Fall;(0, 0);;(0, 0);MoveWest;(4, 2);1;142
;(3, 4);;(1, 7);;(15, 7);ManageImg;(8, 7);Fall;(0, 0);;(0, 0);MoveWest;(4, 2);1;143
;(3, 4);;(1, 7);;(15, 7);ManageImg;(8, 7);Fall;(0, 0);;(0, 0);MoveWest;(4, 2);1;144
;(3, 4);;(1, 7);;(15, 7);ManageImg;(8, 7);Fall;(0, 0);;(0, 0);MoveWest;(4, 2);1;145
;(3, 4);;(1, 7);;(15, 7);ManageImg;(8, 7);Fall;(0, 0);;(0, 0);MoveWest;(4, 2);1;146
;(3, 4);;(1, 7);;(15, 7);ManageImg;(8, 7);Fall;(0, 0);;(0, 0);MoveWest;(3, 2);1;147
;(3, 4);;(1, 7);;(15, 7);ManageImg;(8, 7);Fall;(0, 0);;(0, 0);MoveWest;(3, 2);1;148
;(3, 4);;(1, 7);;(15, 7);ManageImg;(8, 7);Fall;(0, 0);;(0, 0);MoveWest;(3, 2);1;149
;(3, 4);;(1, 7);;(15, 7);ManageImg;(8, 7);Fall;(0, 0);;(0, 0);MoveWest;(3, 2);1;150
;(3, 4);;(1, 7);;(15, 7);ManageImg;(8, 7);Fall;(0, 0);;(0, 0);MoveWest;(3, 2);1;151
;(3, 4);;(1, 7);;(15, 7);ManageImg;(8, 7);Fall;(0, 0);;(0, 0);MoveWest;(3, 2);1;152
;(3, 4);;(1, 7);;(15, 7);ManageImg;(8, 7);Fall;(0, 0);;(0, 0);MoveWest;(3, 2);1;153
;(3, 4);;(1, 7);;(15, 7);ManageImg;(8, 7);Fall;(0, 0);;(0, 0);MoveWest;(3, 2);1;154
;(3, 4);;(1, 7);;(15, 7);ManageImg;(8, 7);Fall;(0, 0);;(0, 0);MoveWest;(3, 2);1;155
;(3, 4);;(1, 7);;(15, 7);ManageImg;(8, 7);Fall;(0, 0);;(0, 0);MoveWest;(3, 2);1;156
;(3, 4);;(1, 7);;(15, 7);ManageImg;(8, 7);Fall;(0, 0);;(0, 0);MoveWest;(3, 2);1;157
;(3, 4);;(1, 7);;(15, 7);ManageImg;(8, 7);Fall;(0, 0);;(0, 0);MoveWest;(2, 2);1;158
;(3, 4);;(1, 7);;(15, 7);ManageImg;(8, 7);Fall;(0, 0);;(0, 0);MoveNorthWest;(2, 2);1;159
;(3, 4);;(1, 7);;(15, 7);ManageImg;(8, 7);Fall;(0, 0);;(0, 0);MoveNorthWest;(2, 2);1;160
;(3, 4);;(1, 7);;(15, 7);ManageImg;(8, 7);Fall;(0, 0);;(0, 0);MoveNorthWest;(2, 2);1;161
;(3, 4);;(1, 7);;(15, 7);ManageImg;(8, 7);Fall;(0, 0);;(0, 0);MoveNorthWest;(2, 2);1;162
;(3, 4);;(1, 7);;(15, 7);ManageImg;(8, 7);Fall;(0, 0);;(0, 0);MoveNorthWest;(2, 2);1;163
;(3, 4);;(1, 7);;(15, 7);ManageImg;(8, 7);Fall;(0, 0);;(0, 0);MoveNorthWest;(2, 2);1;164
;(3, 4);;(1, 7);;(15, 7);ManageImg;(8, 7);Fall;(0, 0);;(0, 0);MoveNorthWest;(2, 2);1;165
;(3, 4);;(1, 7);;(15, 7);ManageImg;(8, 7);Fall;(0, 0);;(0, 0);MoveNorthWest;(2, 2);1;166
;(3, 4);;(1, 7);;(15, 7);ManageImg;(8, 7);Fall;(0, 0);;(0, 0);MoveNorthWest;(2, 2);1;167
;(3, 4);;(1, 7);;(15, 7);ManageImg;(8, 7);Fall;(0, 0);;(0, 0);MoveNorthWest;(2, 2);1;168
;(3, 4);;(1, 7);;(15, 7);ManageImg;(8, 7);Fall;(0, 0);;(0, 0);MoveNorthWest;(1, 1);1;169
;(3, 4);;(1, 7);;(15, 7);ManageImg;(8, 7);Fall;(0, 0);;(0, 0);MoveWest;(1, 1);1;170
;(3, 4);;(1, 7);;(15, 7);ManageImg;(8, 7);Fall;(0, 0);;(0, 0);MoveWest;(1, 1);1;171
;(3, 4);;(1, 7);;(15, 7);ManageImg;(8, 7);Fall;(0, 0);;(0, 0);MoveWest;(1, 1);1;172
;(3, 4);;(1, 7);;(15, 7);ManageImg;(8, 7);Fall;(0, 0);;(0, 0);MoveWest;(1, 1);1;173
;(3, 4);;(1, 7);;(15, 7);ManageImg;(8, 7);Fall;(0, 0);;(0, 0);MoveWest;(1, 1);1;174
;(3, 4);;(1, 7);;(15, 7);ManageImg;(8, 7);Fall;(0, 0);;(0, 0);MoveWest;(1, 1);1;175
;(3, 4);;(1, 7);;(15, 7);ManageImg;(8, 7);Fall;(0, 0);;(0, 0);MoveWest;(1, 1);1;176
;(3, 4);;(1, 7);;(15, 7);ManageImg;(8, 7);Fall;(0, 0);;(0, 0);MoveWest;(1, 1);1;177
;(3, 4);;(1, 7);;(15, 7);ManageImg;(8, 7);Fall;(0, 0);;(0, 0);MoveWest;(1, 1);1;178
;(3, 4);;(1, 7);;(15, 7);ManageImg;(8, 7);Fall;(0, 0);;(0, 0);MoveWest;(1, 1);1;179
;(3, 4);;(1, 7);;(15, 7);ManageImg;(8, 7);Fall;(0, 0);;(0, 0);MoveWest;(0, 1);1;180
;(3, 4);;(1, 7);;(15, 7);ManageImg;(8, 7);Fall;(0, 0);;(0, 0);DropLargeObject;(0, 1);1;181
;(3, 4);;(1, 7);;(15, 7);ManageImg;(8, 7);Fall;(0, 0);;(0, 0);DropLargeObject;(0, 1);1;182
;(3, 4);;(1, 7);;(15, 7);ManageImg;(8, 7);Fall;(0, 0);;(0, 0);DropLargeObject;(0, 1);1;183
;(3, 4);;(1, 7);;(15, 7);ManageImg;(8, 7);Fall;(0, 0);;(0, 0);DropLargeObject;(0, 1);1;184
;(3, 4);;(1, 7);;(15, 7);ManageImg;(8, 7);Fall;(0, 0);;(0, 0);DropLargeObject;(0, 1);1;185
;(3, 4);;(1, 7);;(15, 7);ManageImg;(8, 7);Fall;(0, 0);;(0, 0);DropLargeObject;(0, 1);1;186
;(3, 4);;(1, 7);;(15, 7);ManageImg;(8, 7);Fall;(0, 0);;(0, 0);DropLargeObject;(0, 1);1;187
;(3, 4);;(1, 7);;(15, 7);ManageImg;(8, 7);Fall;(0, 0);;(0, 0);DropLargeObject;(0, 1);1;188
;(3, 4);;(1, 7);;(15, 7);ManageImg;(8, 7);Fall;(0, 0);;(0, 0);DropLargeObject;(0, 1);1;189
;(3, 4);;(1, 7);;(15, 7);ManageImg;(8, 7);Fall;(0, 0);;(0, 0);DropLargeObject;(0, 1);1;190
;(3, 4);;(1, 7);;(15, 7);ManageImg;(8, 7);Fall;(0, 0);;(0, 0);DropLargeObject;(0, 1);1;191
;(3, 4);;(1, 7);;(15, 7);ManageImg;(8, 7);Fall;(0, 0);;(0, 0);Idle;(0, 1);1;192
;(3, 4);;(1, 7);;(15, 7);ManageImg;(8, 7);Fall;(0, 0);;(0, 0);Idle;(0, 1);1;193
;(3, 4);;(1, 7);;(15, 7);ManageImg;(8, 7);Fall;(0, 0);;(0, 0);Idle;(0, 1);1;194
;(3, 4);;(1, 7);;(15, 7);ManageImg;(8, 7);Fall;(0, 0);;(0, 0);Idle;(0, 1);1;195
;(3, 4);;(1, 7);;(15, 7);ManageImg;(8, 7);Fall;(0, 0);;(0, 0);Idle;(0, 1);1;196
;(3, 4);;(1, 7);;(15, 7);ManageImg;(8, 7);Fall;(0, 0);;(0, 0);Idle;(0, 1);1;197
;(3, 4);;(1, 7);;(15, 7);ManageImg;(8, 7);Fall;(0, 0);;(0, 0);Idle;(0, 1);1;198
;(3, 4);;(1, 7);;(15, 7);ManageImg;(8, 7);Fall;(0, 0);;(0, 0);Idle;(0, 1);1;199
;(3, 4);;(1, 7);;(15, 7);ManageImg;(8, 7);Fall;(0, 0);;(0, 0);Idle;(0, 1);1;200
;(3, 4);;(1, 7);;(15, 7);ManageImg;(8, 7);Fall;(0, 0);;(0, 0);Idle;(0, 1);1;201
;(3, 4);;(1, 7);;(15, 7);ManageImg;(8, 7);Fall;(0, 0);;(0, 0);Idle;(0, 1);1;202
;(3, 4);;(1, 7);;(15, 7);ManageImg;(8, 7);Fall;(0, 0);;(0, 0);;(0, 1);1;203
;(3, 4);;(1, 7);;(15, 7);ManageImg;(8, 7);Fall;(0, 0);;(0, 0);;(0, 1);1;204
;(3, 4);;(1, 7);;(15, 7);ManageImg;(8, 7);Fall;(0, 0);;(0, 0);MoveEast;(0, 1);1;205
;(3, 4);;(1, 7);;(15, 7);ManageImg;(8, 7);Fall;(0, 0);;(0, 0);MoveEast;(0, 1);1;206
;(3, 4);;(1, 7);;(15, 7);ManageImg;(8, 7);Fall;(0, 0);;(0, 0);MoveEast;(0, 1);1;207
;(3, 4);;(1, 7);;(15, 7);ManageImg;(8, 7);Fall;(0, 0);;(0, 0);MoveEast;(0, 1);1;208
;(3, 4);;(1, 7);;(15, 7);ManageImg;(8, 7);Fall;(0, 0);;(0, 0);MoveEast;(0, 1);1;209
;(3, 4);;(1, 7);;(15, 7);ManageImg;(8, 7);Fall;(0, 0);;(0, 0);MoveEast;(0, 1);1;210
;(3, 4);;(1, 7);;(15, 7);ManageImg;(8, 7);Fall;(0, 0);;(0, 0);MoveEast;(0, 1);1;211
;(3, 4);;(1, 7);;(15, 7);ManageImg;(8, 7);Fall;(0, 0);;(0, 0);MoveEast;(0, 1);1;212
;(3, 4);;(1, 7);;(15, 7);ManageImg;(8, 7);Fall;(0, 0);;(0, 0);MoveEast;(0, 1);1;213
;(3, 4);;(1, 7);;(15, 7);ManageImg;(8, 7);Fall;(0, 0);;(0, 0);MoveEast;(0, 1);1;214
;(3, 4);;(1, 7);;(15, 7);ManageImg;(8, 7);Fall;(0, 0);;(0, 0);MoveEast;(1, 1);1;215
;(3, 4);;(1, 7);;(15, 7);ManageImg;(8, 7);Fall;(0, 0);;(0, 0);MoveEast;(1, 1);1;216
;(3, 4);;(1, 7);;(15, 7);ManageImg;(8, 7);Fall;(0, 0);;(0, 0);MoveEast;(1, 1);1;217
;(3, 4);;(1, 7);;(15, 7);ManageImg;(8, 7);Fall;(0, 0);;(0, 0);MoveEast;(1, 1);1;218
;(3, 4);;(1, 7);;(15, 7);ManageImg;(8, 7);Fall;(0, 0);;(0, 0);MoveEast;(1, 1);1;219
;(3, 4);;(1, 7);;(15, 7);ManageImg;(8, 7);Fall;(0, 0);;(0, 0);MoveEast;(1, 1);1;220
;(3, 4);;(1, 7);;(15, 7);ManageImg;(8, 7);Fall;(0, 0);;(0, 0);MoveEast;(1, 1);1;221
;(3, 4);;(1, 7);;(15, 7);ManageImg;(8, 7);Fall;(0, 0);;(0, 0);MoveEast;(1, 1);1;222
;(3, 4);;(1, 7);;(15, 7);ManageImg;(8, 7);Fall;(0, 0);;(0, 0);MoveEast;(1, 1);1;223
;(3, 4);;(1, 7);;(15, 7);ManageImg;(8, 7);Fall;(0, 0);;(0, 0);MoveEast;(1, 1);1;224
;(3, 4);;(1, 7);;(15, 7);ManageImg;(8, 7);Fall;(0, 0);;(0, 0);MoveEast;(1, 1);1;225
;(3, 4);;(1, 7);;(15, 7);ManageImg;(8, 7);Fall;(0, 0);;(0, 0);MoveEast;(2, 1);1;226
;(3, 4);;(1, 7);;(15, 7);ManageImg;(8, 7);Fall;(0, 0);;(0, 0);MoveEast;(2, 1);1;227
;(3, 4);;(1, 7);;(15, 7);ManageImg;(8, 7);Fall;(0, 0);;(0, 0);MoveEast;(2, 1);1;228
;(3, 4);;(1, 7);;(15, 7);ManageImg;(8, 7);Fall;(0, 0);;(0, 0);MoveEast;(2, 1);1;229
;(3, 4);;(1, 7);;(15, 7);ManageImg;(8, 7);Fall;(0, 0);;(0, 0);MoveEast;(2, 1);1;230
;(3, 4);;(1, 7);;(15, 7);ManageImg;(8, 7);Fall;(0, 0);;(0, 0);MoveEast;(2, 1);1;231
;(3, 4);;(1, 7);;(15, 7);ManageImg;(8, 7);Fall;(0, 0);;(0, 0);MoveEast;(2, 1);1;232
;(3, 4);;(1, 7);;(15, 7);ManageImg;(8, 7);Fall;(0, 0);;(0, 0);MoveEast;(2, 1);1;233
;(3, 4);;(1, 7);;(15, 7);ManageImg;(8, 7);Fall;(0, 0);;(0, 0);MoveEast;(2, 1);1;234
;(3, 4);;(1, 7);;(15, 7);ManageImg;(8, 7);Fall;(0, 0);;(0, 0);MoveEast;(2, 1);1;235
;(3, 4);;(1, 7);;(15, 7);ManageImg;(8, 7);Fall;(0, 0);;(0, 0);MoveEast;(2, 1);1;236
;(3, 4);;(1, 7);;(15, 7);ManageImg;(8, 7);Fall;(0, 0);;(0, 0);MoveEast;(3, 1);1;237
;(3, 4);;(1, 7);;(15, 7);ManageImg;(8, 7);Fall;(0, 0);;(0, 0);MoveEast;(3, 1);1;238
;(3, 4);;(1, 7);;(15, 7);ManageImg;(8, 7);Fall;(0, 0);;(0, 0);MoveEast;(3, 1);1;239
;(3, 4);;(1, 7);;(15, 7);ManageImg;(8, 7);Fall;(0, 0);;(0, 0);MoveEast;(3, 1);1;240
;(3, 4);;(1, 7);;(15, 7);ManageImg;(8, 7);Fall;(0, 0);;(0, 0);MoveEast;(3, 1);1;241
;(3, 4);;(1, 7);;(15, 7);ManageImg;(8, 7);Fall;(0, 0);;(0, 0);MoveEast;(3, 1);1;242
;(3, 4);;(1, 7);;(15, 7);ManageImg;(8, 7);Fall;(0, 0);;(0, 0);MoveEast;(3, 1);1;243
;(3, 4);;(1, 7);;(15, 7);ManageImg;(8, 7);Fall;(0, 0);;(0, 0);MoveEast;(3, 1);1;244
;(3, 4);;(1, 7);;(15, 7);ManageImg;(8, 7);Fall;(0, 0);;(0, 0);MoveEast;(3, 1);1;245
;(3, 4);;(1, 7);;(15, 7);ManageImg;(8, 7);Fall;(0, 0);;(0, 0);MoveEast;(3, 1);1;246
;(3, 4);;(1, 7);;(15, 7);ManageImg;(8, 7);Fall;(0, 0);;(0, 0);MoveEast;(3, 1);1;247
;(3, 4);;(1, 7);;(15, 7);ManageImg;(8, 7);Fall;(0, 0);;(0, 0);MoveEast;(4, 1);1;248
;(3, 4);;(1, 7);;(15, 7);ManageImg;(8, 7);Fall;(0, 0);;(0, 0);MoveSouthEast;(4, 1);1;249
;(3, 4);;(1, 7);;(15, 7);ManageImg;(8, 7);Fall;(0, 0);;(0, 0);MoveSouthEast;(4, 1);1;250
;(3, 4);;(1, 7);;(15, 7);ManageImg;(8, 7);Fall;(0, 0);;(0, 0);MoveSouthEast;(4, 1);1;251
;(3, 4);;(1, 7);;(15, 7);ManageImg;(8, 7);Fall;(0, 0);;(0, 0);MoveSouthEast;(4, 1);1;252
;(3, 4);;(1, 7);;(15, 7);ManageImg;(8, 7);Fall;(0, 0);;(0, 0);MoveSouthEast;(4, 1);1;253
;(3, 4);;(1, 7);;(15, 7);ManageImg;(8, 7);Fall;(0, 0);;(0, 0);MoveSouthEast;(4, 1);1;254
;(3, 4);;(1, 7);;(15, 7);ManageImg;(8, 7);Fall;(0, 0);;(0, 0);MoveSouthEast;(4, 1);1;255
;(3, 4);;(1, 7);;(15, 7);ManageImg;(8, 7);Fall;(0, 0);;(0, 0);MoveSouthEast;(4, 1);1;256
;(3, 4);;(1, 7);;(15, 7);ManageImg;(8, 7);Fall;(0, 0);;(0, 0);MoveSouthEast;(4, 1);1;257
;(3, 4);;(1, 7);;(15, 7);ManageImg;(8, 7);Fall;(0, 0);;(0, 0);MoveSouthEast;(4, 1);1;258
;(3, 4);;(1, 7);;(15, 7);ManageImg;(8, 7);Fall;(0, 0);;(0, 0);MoveSouthEast;(5, 2);1;259
;(3, 4);;(1, 7);;(15, 7);ManageImg;(8, 7);Fall;(0, 0);;(0, 0);MoveEast;(5, 2);1;260
;(3, 4);;(1, 7);;(15, 7);ManageImg;(8, 7);Fall;(0, 0);;(0, 0);MoveEast;(5, 2);1;261
;(3, 4);;(1, 7);;(15, 7);ManageImg;(8, 7);Fall;(0, 0);;(0, 0);MoveEast;(5, 2);1;262
;(3, 4);;(1, 7);;(15, 7);ManageImg;(8, 7);Fall;(0, 0);;(0, 0);MoveEast;(5, 2);1;263
;(3, 4);;(1, 7);;(15, 7);ManageImg;(8, 7);Fall;(0, 0);;(0, 0);MoveEast;(5, 2);1;264
;(3, 4);;(1, 7);;(15, 7);ManageImg;(8, 7);Fall;(0, 0);;(0, 0);MoveEast;(5, 2);1;265
;(3, 4);;(1, 7);;(15, 7);ManageImg;(8, 7);Fall;(0, 0);;(0, 0);MoveEast;(5, 2);1;266
;(3, 4);;(1, 7);;(15, 7);ManageImg;(8, 7);Fall;(0, 0);;(0, 0);MoveEast;(5, 2);1;267
;(3, 4);;(1, 7);;(15, 7);ManageImg;(8, 7);Fall;(0, 0);;(0, 0);MoveEast;(5, 2);1;268
;(3, 4);;(1, 7);;(15, 7);ManageImg;(8, 7);Fall;(0, 0);;(0, 0);MoveEast;(5, 2);1;269
;(3, 4);;(1, 7);;(15, 7);ManageImg;(8, 7);Fall;(0, 0);;(0, 0);MoveEast;(6, 2);1;270
;(3, 4);;(1, 7);;(15, 7);ManageImg;(8, 7);Fall;(0, 0);;(0, 0);MoveEast;(6, 2);1;271
;(3, 4);;(1, 7);;(15, 7);ManageImg;(8, 7);Fall;(0, 0);;(0, 0);MoveEast;(6, 2);1;272
;(3, 4);;(1, 7);;(15, 7);ManageImg;(8, 7);Fall;(0, 0);;(0, 0);MoveEast;(6, 2);1;273
;(3, 4);;(1, 7);;(15, 7);ManageImg;(8, 7);Fall;(0, 0);;(0, 0);MoveEast;(6, 2);1;274
;(3, 4);;(1, 7);;(15, 7);ManageImg;(8, 7);Fall;(0, 0);;(0, 0);MoveEast;(6, 2);1;275
;(3, 4);;(1, 7);;(15, 7);ManageImg;(8, 7);Fall;(0, 0);;(0, 0);MoveEast;(6, 2);1;276
;(3, 4);;(1, 7);;(15, 7);ManageImg;(8, 7);Fall;(0, 0);;(0, 0);MoveEast;(6, 2);1;277
;(3, 4);;(1, 7);;(15, 7);ManageImg;(8, 7);Fall;(0, 0);;(0, 0);MoveEast;(6, 2);1;278
;(3, 4);;(1, 7);;(15, 7);ManageImg;(8, 7);Fall;(0, 0);;(0, 0);MoveEast;(6, 2);1;279
;(3, 4);;(1, 7);;(15, 7);ManageImg;(8, 7);Fall;(0, 0);;(0, 0);MoveEast;(6, 2);1;280
;(3, 4);;(1, 7);;(15, 7);ManageImg;(8, 7);Fall;(0, 0);;(0, 0);MoveEast;(7, 2);1;281
;(3, 4);;(1, 7);;(15, 7);ManageImg;(8, 7);Fall;(0, 0);;(0, 0);MoveSouthEast;(7, 2);1;282
;(3, 4);;(1, 7);;(15, 7);ManageImg;(8, 7);Fall;(0, 0);;(0, 0);MoveSouthEast;(7, 2);1;283
;(3, 4);;(1, 7);;(15, 7);ManageImg;(8, 7);Fall;(0, 0);;(0, 0);MoveSouthEast;(7, 2);1;284
;(3, 4);;(1, 7);;(15, 7);ManageImg;(8, 7);Fall;(0, 0);;(0, 0);MoveSouthEast;(7, 2);1;285
;(3, 4);;(1, 7);;(15, 7);ManageImg;(8, 7);Fall;(0, 0);;(0, 0);MoveSouthEast;(7, 2);1;286
;(3, 4);;(1, 7);;(15, 7);ManageImg;(8, 7);Fall;(0, 0);;(0, 0);MoveSouthEast;(7, 2);1;287
;(3, 4);;(1, 7);;(15, 7);ManageImg;(8, 7);Fall;(0, 0);;(0, 0);MoveSouthEast;(7, 2);1;288
;(3, 4);;(1, 7);;(15, 7);ManageImg;(8, 7);Fall;(0, 0);;(0, 0);MoveSouthEast;(7, 2);1;289
;(3, 4);;(1, 7);;(15, 7);ManageImg;(8, 7);Fall;(0, 0);;(0, 0);MoveSouthEast;(7, 2);1;290
;(3, 4);;(1, 7);;(15, 7);ManageImg;(8, 7);Fall;(0, 0);;(0, 0);MoveSouthEast;(7, 2);1;291
;(3, 4);;(1, 7);;(15, 7);ManageImg;(8, 7);Fall;(0, 0);;(0, 0);MoveSouthEast;(8, 3);1;292
;(3, 4);;(1, 7);;(15, 7);ManageImg;(8, 7);Fall;(0, 0);;(0, 0);GrabObject;(8, 3);1;293
;(3, 4);;(1, 7);;(15, 7);ManageImg;(8, 7);Fall;(0, 0);;(0, 0);GrabObject;(8, 3);1;294
;(3, 4);;(1, 7);;(15, 7);ManageImg;(8, 7);Fall;(0, 0);;(0, 0);GrabObject;(8, 3);1;295
;(3, 4);;(1, 7);;(15, 7);ManageImg;(8, 7);Fall;(0, 0);;(0, 0);GrabObject;(8, 3);1;296
;(3, 4);;(1, 7);;(15, 7);ManageImg;(8, 7);Fall;(0, 0);;(0, 0);GrabObject;(8, 3);1;297
;(3, 4);;(1, 7);;(15, 7);ManageImg;(8, 7);Fall;(0, 0);;(0, 0);GrabObject;(8, 3);1;298
;(3, 4);;(1, 7);;(15, 7);ManageImg;(8, 7);Fall;(0, 0);;(0, 0);GrabObject;(8, 3);1;299
;(3, 4);;(1, 7);;(15, 7);ManageImg;(8, 7);Fall;(0, 0);;(0, 0);GrabObject;(8, 3);1;300
;(3, 4);;(1, 7);;(15, 7);ManageImg;(8, 7);Fall;(0, 0);;(0, 0);GrabObject;(8, 3);1;301
;(3, 4);;(1, 7);;(15, 7);ManageImg;(8, 7);Fall;(0, 0);;(0, 0);GrabObject;(8, 3);1;302
;(3, 4);;(1, 7);;(15, 7);ManageImg;(8, 7);Fall;(0, 0);;(0, 0);GrabObject;(8, 3);1;303
;(3, 4);;(1, 7);;(15, 7);ManageImg;(8, 7);Fall;(0, 0);;(0, 0);Idle;(8, 3);1;304
;(3, 4);;(1, 7);;(15, 7);ManageImg;(8, 7);Fall;(0, 0);;(0, 0);Idle;(8, 3);1;305
;(3, 4);;(1, 7);;(15, 7);ManageImg;(8, 7);Fall;(0, 0);;(0, 0);Idle;(8, 3);1;306
;(3, 4);;(1, 7);;(15, 7);ManageImg;(8, 7);Fall;(0, 0);;(0, 0);Idle;(8, 3);1;307
;(3, 4);;(1, 7);;(15, 7);ManageImg;(8, 7);Fall;(0, 0);;(0, 0);Idle;(8, 3);1;308
;(3, 4);;(1, 7);;(15, 7);ManageImg;(8, 7);Fall;(0, 0);;(0, 0);Idle;(8, 3);1;309
;(3, 4);;(1, 7);;(15, 7);ManageImg;(8, 7);Fall;(0, 0);;(0, 0);Idle;(8, 3);1;310
;(3, 4);;(1, 7);;(15, 7);ManageImg;(8, 7);Fall;(0, 0);;(0, 0);Idle;(8, 3);1;311
;(3, 4);;(1, 7);;(15, 7);ManageImg;(8, 7);Fall;(0, 0);;(0, 0);Idle;(8, 3);1;312
;(3, 4);;(1, 7);;(15, 7);ManageImg;(8, 7);Fall;(0, 0);;(0, 0);Idle;(8, 3);1;313
;(3, 4);;(1, 7);;(15, 7);ManageImg;(8, 7);Fall;(0, 0);;(0, 0);Idle;(8, 3);1;314
;(3, 4);;(1, 7);;(15, 7);ManageImg;(8, 7);Fall;(0, 0);;(0, 0);;(8, 3);1;315
;(3, 4);;(1, 7);;(15, 7);ManageImg;(8, 7);Fall;(0, 0);;(0, 0);;(8, 3);1;316
;(3, 4);;(1, 7);;(15, 7);ManageImg;(8, 7);Fall;(0, 0);;(0, 0);MoveEast;(8, 3);1;317
;(3, 4);;(1, 7);;(15, 7);ManageImg;(8, 7);Fall;(0, 0);;(0, 0);MoveEast;(8, 3);1;318
;(3, 4);;(1, 7);;(15, 7);ManageImg;(8, 7);Fall;(0, 0);;(0, 0);MoveEast;(8, 3);1;319
;(3, 4);;(1, 7);;(15, 7);ManageImg;(8, 7);Fall;(0, 0);;(0, 0);MoveEast;(8, 3);1;320
;(3, 4);;(1, 7);;(15, 7);ManageImg;(8, 7);Fall;(0, 0);;(0, 0);MoveEast;(8, 3);1;321
;(3, 4);;(1, 7);;(15, 7);ManageImg;(8, 7);Fall;(0, 0);;(0, 0);MoveEast;(8, 3);1;322
;(3, 4);;(1, 7);;(15, 7);ManageImg;(8, 7);Fall;(0, 0);;(0, 0);MoveEast;(8, 3);1;323
;(3, 4);;(1, 7);;(15, 7);ManageImg;(8, 7);Fall;(0, 0);;(0, 0);MoveEast;(8, 3);1;324
;(3, 4);;(1, 7);;(15, 7);ManageImg;(8, 7);Fall;(0, 0);;(0, 0);MoveEast;(8, 3);1;325
;(3, 4);;(1, 7);;(15, 7);ManageImg;(8, 7);Fall;(0, 0);;(0, 0);MoveEast;(8, 3);1;326
;(3, 4);;(1, 7);;(15, 7);ManageImg;(8, 7);Fall;(0, 0);;(0, 0);MoveEast;(9, 3);1;327
;(3, 4);;(1, 7);;(15, 7);ManageImg;(8, 7);Fall;(0, 0);;(0, 0);MoveSouthEast;(9, 3);1;328
;(3, 4);;(1, 7);;(15, 7);ManageImg;(8, 7);Fall;(0, 0);;(0, 0);MoveSouthEast;(9, 3);1;329
;(3, 4);;(1, 7);;(15, 7);ManageImg;(8, 7);Fall;(0, 0);;(0, 0);MoveSouthEast;(9, 3);1;330
;(3, 4);;(1, 7);;(15, 7);ManageImg;(8, 7);Fall;(0, 0);;(0, 0);MoveSouthEast;(9, 3);1;331
;(3, 4);;(1, 7);;(15, 7);ManageImg;(8, 7);Fall;(0, 0);;(0, 0);MoveSouthEast;(9, 3);1;332
;(3, 4);;(1, 7);;(15, 7);ManageImg;(8, 7);Fall;(0, 0);;(0, 0);MoveSouthEast;(9, 3);1;333
;(3, 4);;(1, 7);;(15, 7);ManageImg;(8, 7);Fall;(0, 0);;(0, 0);MoveSouthEast;(9, 3);1;334
;(3, 4);;(1, 7);;(15, 7);ManageImg;(8, 7);Fall;(0, 0);;(0, 0);MoveSouthEast;(9, 3);1;335
;(3, 4);;(1, 7);;(15, 7);ManageImg;(8, 7);Fall;(0, 0);;(0, 0);MoveSouthEast;(9, 3);1;336
;(3, 4);;(1, 7);;(15, 7);ManageImg;(8, 7);Fall;(0, 0);;(0, 0);MoveSouthEast;(9, 3);1;337
;(3, 4);;(1, 7);;(15, 7);ManageImg;(8, 7);Fall;(0, 0);;(0, 0);MoveSouthEast;(10, 4);1;338
;(3, 4);;(1, 7);;(15, 7);ManageImg;(8, 7);Fall;(0, 0);;(0, 0);GrabObject;(10, 4);1;339
;(3, 4);;(1, 7);;(15, 7);ManageImg;(8, 7);Fall;(0, 0);;(0, 0);GrabObject;(10, 4);1;340
;(3, 4);;(1, 7);;(15, 7);ManageImg;(8, 7);Fall;(0, 0);;(0, 0);GrabObject;(10, 4);1;341
;(3, 4);;(1, 7);;(15, 7);ManageImg;(8, 7);Fall;(0, 0);;(0, 0);GrabObject;(10, 4);1;342
;(3, 4);;(1, 7);;(15, 7);ManageImg;(8, 7);Fall;(0, 0);;(0, 0);GrabObject;(10, 4);1;343
;(3, 4);;(1, 7);;(15, 7);ManageImg;(8, 7);Fall;(0, 0);;(0, 0);GrabObject;(10, 4);1;344
;(3, 4);;(1, 7);;(15, 7);ManageImg;(8, 7);Fall;(0, 0);;(0, 0);GrabObject;(10, 4);1;345
;(3, 4);;(1, 7);;(15, 7);ManageImg;(8, 7);Fall;(0, 0);;(0, 0);GrabObject;(10, 4);1;346
;(3, 4);;(1, 7);;(15, 7);ManageImg;(8, 7);Fall;(0, 0);;(0, 0);GrabObject;(10, 4);1;347
;(3, 4);;(1, 7);;(15, 7);ManageImg;(8, 7);Fall;(0, 0);;(0, 0);GrabObject;(10, 4);1;348
;(3, 4);;(1, 7);;(15, 7);ManageImg;(8, 7);Fall;(0, 0);;(0, 0);GrabObject;(10, 4);1;349
;(3, 4);;(1, 7);;(15, 7);ManageImg;(8, 7);Fall;(0, 0);;(0, 0);Idle;(10, 4);1;350
;(3, 4);;(1, 7);;(15, 7);ManageImg;(8, 7);Fall;(0, 0);;(0, 0);Idle;(10, 4);1;351
;(3, 4);;(1, 7);;(15, 7);ManageImg;(8, 7);Fall;(0, 0);;(0, 0);Idle;(10, 4);1;352
;(3, 4);;(1, 7);;(15, 7);ManageImg;(8, 7);Fall;(0, 0);;(0, 0);Idle;(10, 4);1;353
;(3, 4);;(1, 7);;(15, 7);ManageImg;(8, 7);Fall;(0, 0);;(0, 0);Idle;(10, 4);1;354
;(3, 4);;(1, 7);;(15, 7);ManageImg;(8, 7);Fall;(0, 0);;(0, 0);Idle;(10, 4);1;355
;(3, 4);;(1, 7);;(15, 7);ManageImg;(8, 7);Fall;(0, 0);;(0, 0);Idle;(10, 4);1;356
;(3, 4);;(1, 7);;(15, 7);ManageImg;(8, 7);Fall;(0, 0);;(0, 0);Idle;(10, 4);1;357
;(3, 4);;(1, 7);;(15, 7);ManageImg;(8, 7);Fall;(0, 0);;(0, 0);Idle;(10, 4);1;358
;(3, 4);;(1, 7);;(15, 7);ManageImg;(8, 7);Fall;(0, 0);;(0, 0);Idle;(10, 4);1;359
;(3, 4);;(1, 7);;(15, 7);ManageImg;(8, 7);Fall;(0, 0);;(0, 0);Idle;(10, 4);1;360
;(3, 4);;(1, 7);;(15, 7);ManageImg;(8, 7);Fall;(0, 0);;(0, 0);;(10, 4);1;361
;(3, 4);;(1, 7);;(15, 7);ManageImg;(8, 7);Fall;(0, 0);;(0, 0);;(10, 4);1;362
;(3, 4);;(1, 7);;(15, 7);ManageImg;(8, 7);Fall;(0, 0);;(0, 0);MoveSouth;(10, 4);1;363
;(3, 4);;(1, 7);;(15, 7);ManageImg;(8, 7);Fall;(0, 0);;(0, 0);MoveSouth;(10, 4);1;364
;(3, 4);;(1, 7);;(15, 7);ManageImg;(8, 7);Fall;(0, 0);;(0, 0);MoveSouth;(10, 4);1;365
;(3, 4);;(1, 7);;(15, 7);ManageImg;(8, 7);Fall;(0, 0);;(0, 0);MoveSouth;(10, 4);1;366
;(3, 4);;(1, 7);;(15, 7);ManageImg;(8, 7);Fall;(0, 0);;(0, 0);MoveSouth;(10, 4);1;367
;(3, 4);;(1, 7);;(15, 7);ManageImg;(8, 7);Fall;(0, 0);;(0, 0);MoveSouth;(10, 4);1;368
;(3, 4);;(1, 7);;(15, 7);ManageImg;(8, 7);Fall;(0, 0);;(0, 0);MoveSouth;(10, 4);1;369
;(3, 4);;(1, 7);;(15, 7);ManageImg;(8, 7);Fall;(0, 0);;(0, 0);MoveSouth;(10, 4);1;370
;(3, 4);;(1, 7);;(15, 7);ManageImg;(8, 7);Fall;(0, 0);;(0, 0);MoveSouth;(10, 4);1;371
;(3, 4);;(1, 7);;(15, 7);ManageImg;(8, 7);Fall;(0, 0);;(0, 0);MoveSouth;(10, 4);1;372
;(3, 4);;(1, 7);;(15, 7);ManageImg;(8, 7);Fall;(0, 0);;(0, 0);MoveSouth;(10, 5);1;373
;(3, 4);;(1, 7);;(15, 7);ManageImg;(8, 7);Fall;(0, 0);;(0, 0);GrabObject;(10, 5);1;374
;(3, 4);;(1, 7);;(15, 7);ManageImg;(8, 7);Fall;(0, 0);;(0, 0);GrabObject;(10, 5);1;375
;(3, 4);;(1, 7);;(15, 7);ManageImg;(8, 7);Fall;(0, 0);;(0, 0);GrabObject;(10, 5);1;376
;(3, 4);;(1, 7);;(15, 7);ManageImg;(8, 7);Fall;(0, 0);;(0, 0);GrabObject;(10, 5);1;377
;(3, 4);;(1, 7);;(15, 7);ManageImg;(8, 7);Fall;(0, 0);;(0, 0);GrabObject;(10, 5);1;378
;(3, 4);;(1, 7);;(15, 7);ManageImg;(8, 7);Fall;(0, 0);;(0, 0);GrabObject;(10, 5);1;379
;(3, 4);;(1, 7);;(15, 7);ManageImg;(8, 7);Fall;(0, 0);;(0, 0);GrabObject;(10, 5);1;380
;(3, 4);;(1, 7);;(15, 7);ManageImg;(8, 7);Fall;(0, 0);;(0, 0);GrabObject;(10, 5);1;381
;(3, 4);;(1, 7);;(15, 7);ManageImg;(8, 7);Fall;(0, 0);;(0, 0);GrabObject;(10, 5);1;382
;(3, 4);;(1, 7);;(15, 7);ManageImg;(8, 7);Fall;(0, 0);;(0, 0);GrabObject;(10, 5);1;383
;(3, 4);;(1, 7);;(15, 7);ManageImg;(8, 7);Fall;(0, 0);;(0, 0);GrabObject;(10, 5);1;384
;(3, 4);;(1, 7);;(15, 7);ManageImg;(8, 7);Fall;(0, 0);;(0, 0);Idle;(10, 5);1;385
;(3, 4);;(1, 7);;(15, 7);ManageImg;(8, 7);Fall;(0, 0);;(0, 0);Idle;(10, 5);1;386
;(3, 4);;(1, 7);;(15, 7);ManageImg;(8, 7);Fall;(0, 0);;(0, 0);Idle;(10, 5);1;387
;(3, 4);;(1, 7);;(15, 7);ManageImg;(8, 7);Fall;(0, 0);;(0, 0);Idle;(10, 5);1;388
;(3, 4);;(1, 7);;(15, 7);ManageImg;(8, 7);Fall;(0, 0);;(0, 0);Idle;(10, 5);1;389
;(3, 4);;(1, 7);;(15, 7);ManageImg;(8, 7);Fall;(0, 0);;(0, 0);Idle;(10, 5);1;390
;(3, 4);;(1, 7);;(15, 7);ManageImg;(8, 7);Fall;(0, 0);;(0, 0);Idle;(10, 5);1;391
;(3, 4);;(1, 7);;(15, 7);ManageImg;(8, 7);Fall;(0, 0);;(0, 0);Idle;(10, 5);1;392
;(3, 4);;(1, 7);;(15, 7);ManageImg;(8, 7);Fall;(0, 0);;(0, 0);Idle;(10, 5);1;393
;(3, 4);;(1, 7);;(15, 7);ManageImg;(8, 7);Fall;(0, 0);;(0, 0);Idle;(10, 5);1;394
;(3, 4);;(1, 7);;(15, 7);ManageImg;(8, 7);Fall;(0, 0);;(0, 0);Idle;(10, 5);1;395
;(3, 4);;(1, 7);;(15, 7);ManageImg;(8, 7);Fall;(0, 0);;(0, 0);;(10, 5);1;396
;(3, 4);;(1, 7);;(15, 7);ManageImg;(8, 7);Fall;(0, 0);;(0, 0);;(10, 5);1;397
;(3, 4);;(1, 7);;(15, 7);ManageImg;(8, 7);Fall;(0, 0);;(0, 0);MoveEast;(10, 5);1;398
;(3, 4);;(1, 7);;(15, 7);ManageImg;(8, 7);Fall;(0, 0);;(0, 0);MoveEast;(10, 5);1;399
;(3, 4);;(1, 7);;(15, 7);ManageImg;(8, 7);Fall;(0, 0);;(0, 0);MoveEast;(10, 5);1;400
;(3, 4);;(1, 7);;(15, 7);ManageImg;(8, 7);Fall;(0, 0);;(0, 0);MoveEast;(10, 5);1;401
;(3, 4);;(1, 7);;(15, 7);ManageImg;(8, 7);Fall;(0, 0);;(0, 0);MoveEast;(10, 5);1;402
;(3, 4);;(1, 7);;(15, 7);ManageImg;(8, 7);Fall;(0, 0);;(0, 0);MoveEast;(10, 5);1;403
;(3, 4);;(1, 7);;(15, 7);ManageImg;(8, 7);Fall;(0, 0);;(0, 0);MoveEast;(10, 5);1;404
;(3, 4);;(1, 7);;(15, 7);ManageImg;(8, 7);Fall;(0, 0);;(0, 0);MoveEast;(10, 5);1;405
;(3, 4);;(1, 7);;(15, 7);ManageImg;(8, 7);Fall;(0, 0);;(0, 0);MoveEast;(10, 5);1;406
;(3, 4);;(1, 7);;(15, 7);ManageImg;(8, 7);Fall;(0, 0);;(0, 0);MoveEast;(10, 5);1;407
;(3, 4);;(1, 7);;(15, 7);ManageImg;(8, 7);Fall;(0, 0);;(0, 0);MoveEast;(11, 5);1;408
;(3, 4);;(1, 7);;(15, 7);ManageImg;(8, 7);Fall;(0, 0);;(0, 0);MoveEast;(11, 5);1;409
;(3, 4);;(1, 7);;(15, 7);ManageImg;(8, 7);Fall;(0, 0);;(0, 0);MoveEast;(11, 5);1;410
;(3, 4);;(1, 7);;(15, 7);ManageImg;(8, 7);Fall;(0, 0);;(0, 0);MoveEast;(11, 5);1;411
;(3, 4);;(1, 7);;(15, 7);ManageImg;(8, 7);Fall;(0, 0);;(0, 0);MoveEast;(11, 5);1;412
;(3, 4);;(1, 7);;(15, 7);ManageImg;(8, 7);Fall;(0, 0);;(0, 0);MoveEast;(11, 5);1;413
;(3, 4);;(1, 7);;(15, 7);ManageImg;(8, 7);Fall;(0, 0);;(0, 0);MoveEast;(11, 5);1;414
;(3, 4);;(1, 7);;(15, 7);ManageImg;(8, 7);Fall;(0, 0);;(0, 0);MoveEast;(11, 5);1;415
;(3, 4);;(1, 7);;(15, 7);ManageImg;(8, 7);Fall;(0, 0);;(0, 0);MoveEast;(11, 5);1;416
;(3, 4);;(1, 7);;(15, 7);ManageImg;(8, 7);Fall;(0, 0);;(0, 0);MoveEast;(11, 5);1;417
;(3, 4);;(1, 7);;(15, 7);ManageImg;(8, 7);Fall;(0, 0);;(0, 0);MoveEast;(11, 5);1;418
;(3, 4);;(1, 7);;(15, 7);ManageImg;(8, 7);Fall;(0, 0);;(0, 0);MoveEast;(12, 5);1;419
;(3, 4);;(1, 7);;(15, 7);ManageImg;(8, 7);Fall;(0, 0);;(0, 0);MoveSouthEast;(12, 5);1;420
;(3, 4);;(1, 7);;(15, 7);ManageImg;(8, 7);Fall;(0, 0);;(0, 0);MoveSouthEast;(12, 5);1;421
;(3, 4);;(1, 7);;(15, 7);ManageImg;(8, 7);Fall;(0, 0);;(0, 0);MoveSouthEast;(12, 5);1;422
;(3, 4);;(1, 7);;(15, 7);ManageImg;(8, 7);Fall;(0, 0);;(0, 0);MoveSouthEast;(12, 5);1;423
;(3, 4);;(1, 7);;(15, 7);ManageImg;(8, 7);Fall;(0, 0);;(0, 0);MoveSouthEast;(12, 5);1;424
;(3, 4);;(1, 7);;(15, 7);ManageImg;(8, 7);Fall;(0, 0);;(0, 0);MoveSouthEast;(12, 5);1;425
;(3, 4);;(1, 7);;(15, 7);ManageImg;(8, 7);Fall;(0, 0);;(0, 0);MoveSouthEast;(12, 5);1;426
;(3, 4);;(1, 7);;(15, 7);ManageImg;(8, 7);Fall;(0, 0);;(0, 0);MoveSouthEast;(12, 5);1;427
;(3, 4);;(1, 7);;(15, 7);ManageImg;(8, 7);Fall;(0, 0);;(0, 0);MoveSouthEast;(12, 5);1;428
;(3, 4);;(1, 7);;(15, 7);ManageImg;(8, 7);Fall;(0, 0);;(0, 0);MoveSouthEast;(12, 5);1;429
;(3, 4);;(1, 7);;(15, 7);ManageImg;(8, 7);Fall;(0, 0);;(0, 0);MoveSouthEast;(13, 6);1;430
;(3, 4);;(1, 7);;(15, 7);ManageImg;(8, 7);Fall;(0, 0);;(0, 0);GrabObject;(13, 6);1;431
;(3, 4);;(1, 7);;(15, 7);ManageImg;(8, 7);Fall;(0, 0);;(0, 0);GrabObject;(13, 6);1;432
;(3, 4);;(1, 7);;(15, 7);ManageImg;(8, 7);Fall;(0, 0);;(0, 0);GrabObject;(13, 6);1;433
;(3, 4);;(1, 7);;(15, 7);ManageImg;(8, 7);Fall;(0, 0);;(0, 0);GrabObject;(13, 6);1;434
;(3, 4);;(1, 7);;(15, 7);ManageImg;(8, 7);Fall;(0, 0);;(0, 0);GrabObject;(13, 6);1;435
;(3, 4);;(1, 7);;(15, 7);ManageImg;(8, 7);Fall;(0, 0);;(0, 0);GrabObject;(13, 6);1;436
;(3, 4);;(1, 7);;(15, 7);ManageImg;(8, 7);Fall;(0, 0);;(0, 0);GrabObject;(13, 6);1;437
;(3, 4);;(1, 7);;(15, 7);ManageImg;(8, 7);Fall;(0, 0);;(0, 0);GrabObject;(13, 6);1;438
;(3, 4);;(1, 7);;(15, 7);ManageImg;(8, 7);Fall;(0, 0);;(0, 0);GrabObject;(13, 6);1;439
;(3, 4);;(1, 7);;(15, 7);ManageImg;(8, 7);Fall;(0, 0);;(0, 0);GrabObject;(13, 6);1;440
;(3, 4);;(1, 7);;(15, 7);ManageImg;(8, 7);Fall;(0, 0);;(0, 0);GrabObject;(13, 6);1;441
;(3, 4);;(1, 7);;(15, 7);ManageImg;(8, 7);Fall;(0, 0);;(0, 0);Idle;(13, 6);1;442
;(3, 4);;(1, 7);;(15, 7);ManageImg;(8, 7);Fall;(0, 0);;(0, 0);Idle;(13, 6);1;443
;(3, 4);;(1, 7);;(15, 7);ManageImg;(8, 7);Fall;(0, 0);;(0, 0);Idle;(13, 6);1;444
;(3, 4);;(1, 7);;(15, 7);ManageImg;(8, 7);Fall;(0, 0);;(0, 0);Idle;(13, 6);1;445
;(3, 4);;(1, 7);;(15, 7);ManageImg;(8, 7);Fall;(0, 0);;(0, 0);Idle;(13, 6);1;446
;(3, 4);;(1, 7);;(15, 7);ManageImg;(8, 7);Fall;(0, 0);;(0, 0);Idle;(13, 6);1;447
;(3, 4);;(1, 7);;(15, 7);ManageImg;(8, 7);Fall;(0, 0);;(0, 0);Idle;(13, 6);1;448
;(3, 4);;(1, 7);;(15, 7);ManageImg;(8, 7);Fall;(0, 0);;(0, 0);Idle;(13, 6);1;449
;(3, 4);;(1, 7);;(15, 7);ManageImg;(8, 7);Fall;(0, 0);;(0, 0);Idle;(13, 6);1;450
;(3, 4);;(1, 7);;(15, 7);ManageImg;(8, 7);Fall;(0, 0);;(0, 0);Idle;(13, 6);1;451
;(3, 4);;(1, 7);;(15, 7);ManageImg;(8, 7);Fall;(0, 0);;(0, 0);Idle;(13, 6);1;452
