human_selector_action;human_selector_location;world_nr;tick_nr
;(3, 4);1;0
MoveEast;(4, 4);1;1
;(4, 4);1;2
;(4, 4);1;3
;(4, 4);1;4
;(4, 4);1;5
;(4, 4);1;6
MoveEast;(5, 4);1;7
;(5, 4);1;8
;(5, 4);1;9
;(5, 4);1;10
;(5, 4);1;11
;(5, 4);1;12
;(5, 4);1;13
;(5, 4);1;14
;(5, 4);1;15
;(5, 4);1;16
;(5, 4);1;17
;(5, 4);1;18
;(5, 4);1;19
;(5, 4);1;20
;(5, 4);1;21
;(5, 4);1;22
;(5, 4);1;23
;(5, 4);1;24
;(5, 4);1;25
;(5, 4);1;26
;(5, 4);1;27
MoveEast;(6, 4);1;28
;(6, 4);1;29
;(6, 4);1;30
;(6, 4);1;31
;(6, 4);1;32
;(6, 4);1;33
;(6, 4);1;34
;(6, 4);1;35
;(6, 4);1;36
;(6, 4);1;37
;(6, 4);1;38
;(6, 4);1;39
;(6, 4);1;40
;(6, 4);1;41
;(6, 4);1;42
;(6, 4);1;43
;(6, 4);1;44
;(6, 4);1;45
;(6, 4);1;46
;(6, 4);1;47
;(6, 4);1;48
;(6, 4);1;49
MoveEast;(7, 4);1;50
;(7, 4);1;51
;(7, 4);1;52
;(7, 4);1;53
;(7, 4);1;54
;(7, 4);1;55
;(7, 4);1;56
;(7, 4);1;57
;(7, 4);1;58
;(7, 4);1;59
;(7, 4);1;60
MoveEast;(8, 4);1;61
;(8, 4);1;62
;(8, 4);1;63
;(8, 4);1;64
;(8, 4);1;65
MoveSouth;(8, 5);1;66
;(8, 5);1;67
;(8, 5);1;68
;(8, 5);1;69
;(8, 5);1;70
;(8, 5);1;71
;(8, 5);1;72
;(8, 5);1;73
;(8, 5);1;74
;(8, 5);1;75
;(8, 5);1;76
;(8, 5);1;77
;(8, 5);1;78
;(8, 5);1;79
;(8, 5);1;80
;(8, 5);1;81
;(8, 5);1;82
;(8, 5);1;83
;(8, 5);1;84
;(8, 5);1;85
MoveSouth;(8, 6);1;86
;(8, 6);1;87
;(8, 6);1;88
;(8, 6);1;89
;(8, 6);1;90
;(8, 6);1;91
;(8, 6);1;92
;(8, 6);1;93
;(8, 6);1;94
;(8, 6);1;95
;(8, 6);1;96
;(8, 6);1;97
;(8, 6);1;98
;(8, 6);1;99
;(8, 6);1;100
;(8, 6);1;101
MoveWest;(7, 6);1;102
;(7, 6);1;103
;(7, 6);1;104
;(7, 6);1;105
;(7, 6);1;106
;(7, 6);1;107
;(7, 6);1;108
;(7, 6);1;109
;(7, 6);1;110
;(7, 6);1;111
;(7, 6);1;112
;(7, 6);1;113
;(7, 6);1;114
;(7, 6);1;115
;(7, 6);1;116
;(7, 6);1;117
;(7, 6);1;118
;(7, 6);1;119
;(7, 6);1;120
;(7, 6);1;121
;(7, 6);1;122
MoveSouth;(7, 7);1;123
;(7, 7);1;124
;(7, 7);1;125
;(7, 7);1;126
;(7, 7);1;127
;(7, 7);1;128
;(7, 7);1;129
;(7, 7);1;130
;(7, 7);1;131
;(7, 7);1;132
;(7, 7);1;133
;(7, 7);1;134
;(7, 7);1;135
;(7, 7);1;136
;(7, 7);1;137
;(7, 7);1;138
;(7, 7);1;139
;(7, 7);1;140
MoveSouth;(7, 8);1;141
;(7, 8);1;142
;(7, 8);1;143
;(7, 8);1;144
;(7, 8);1;145
;(7, 8);1;146
;(7, 8);1;147
MoveEast;(8, 8);1;148
;(8, 8);1;149
;(8, 8);1;150
;(8, 8);1;151
;(8, 8);1;152
;(8, 8);1;153
;(8, 8);1;154
GrabObject;(8, 8);1;155
;(8, 8);1;156
;(8, 8);1;157
;(8, 8);1;158
;(8, 8);1;159
;(8, 8);1;160
;(8, 8);1;161
MoveWest;(7, 8);1;162
;(7, 8);1;163
;(7, 8);1;164
;(7, 8);1;165
;(7, 8);1;166
;(7, 8);1;167
;(7, 8);1;168
;(7, 8);1;169
;(7, 8);1;170
;(7, 8);1;171
MoveWest;(6, 8);1;172
;(6, 8);1;173
;(6, 8);1;174
;(6, 8);1;175
;(6, 8);1;176
;(6, 8);1;177
;(6, 8);1;178
;(6, 8);1;179
;(6, 8);1;180
;(6, 8);1;181
;(6, 8);1;182
MoveWest;(5, 8);1;183
;(5, 8);1;184
;(5, 8);1;185
;(5, 8);1;186
;(5, 8);1;187
;(5, 8);1;188
;(5, 8);1;189
;(5, 8);1;190
;(5, 8);1;191
;(5, 8);1;192
;(5, 8);1;193
;(5, 8);1;194
MoveSouth;(5, 9);1;195
;(5, 9);1;196
;(5, 9);1;197
;(5, 9);1;198
;(5, 9);1;199
;(5, 9);1;200
;(5, 9);1;201
;(5, 9);1;202
;(5, 9);1;203
;(5, 9);1;204
;(5, 9);1;205
;(5, 9);1;206
;(5, 9);1;207
;(5, 9);1;208
;(5, 9);1;209
;(5, 9);1;210
;(5, 9);1;211
;(5, 9);1;212
;(5, 9);1;213
;(5, 9);1;214
;(5, 9);1;215
;(5, 9);1;216
;(5, 9);1;217
MoveWest;(4, 9);1;218
;(4, 9);1;219
;(4, 9);1;220
;(4, 9);1;221
;(4, 9);1;222
;(4, 9);1;223
;(4, 9);1;224
;(4, 9);1;225
;(4, 9);1;226
;(4, 9);1;227
DropObject;(4, 9);1;228
;(4, 9);1;229
;(4, 9);1;230
;(4, 9);1;231
;(4, 9);1;232
;(4, 9);1;233
;(4, 9);1;234
;(4, 9);1;235
;(4, 9);1;236
;(4, 9);1;237
;(4, 9);1;238
;(4, 9);1;239
MoveEast;(5, 9);1;240
;(5, 9);1;241
;(5, 9);1;242
;(5, 9);1;243
;(5, 9);1;244
MoveEast;(6, 9);1;245
;(6, 9);1;246
;(6, 9);1;247
;(6, 9);1;248
;(6, 9);1;249
MoveEast;(7, 9);1;250
;(7, 9);1;251
;(7, 9);1;252
;(7, 9);1;253
MoveEast;(8, 9);1;254
;(8, 9);1;255
;(8, 9);1;256
;(8, 9);1;257
;(8, 9);1;258
MoveEast;(9, 9);1;259
;(9, 9);1;260
;(9, 9);1;261
;(9, 9);1;262
;(9, 9);1;263
MoveEast;(10, 9);1;264
;(10, 9);1;265
;(10, 9);1;266
;(10, 9);1;267
;(10, 9);1;268
;(10, 9);1;269
;(10, 9);1;270
;(10, 9);1;271
;(10, 9);1;272
;(10, 9);1;273
;(10, 9);1;274
MoveNorth;(10, 8);1;275
;(10, 8);1;276
;(10, 8);1;277
;(10, 8);1;278
;(10, 8);1;279
;(10, 8);1;280
;(10, 8);1;281
;(10, 8);1;282
;(10, 8);1;283
;(10, 8);1;284
;(10, 8);1;285
MoveWest;(9, 8);1;286
;(9, 8);1;287
;(9, 8);1;288
;(9, 8);1;289
;(9, 8);1;290
;(9, 8);1;291
;(9, 8);1;292
;(9, 8);1;293
;(9, 8);1;294
;(9, 8);1;295
;(9, 8);1;296
;(9, 8);1;297
;(9, 8);1;298
GrabObject;(9, 8);1;299
;(9, 8);1;300
;(9, 8);1;301
;(9, 8);1;302
;(9, 8);1;303
;(9, 8);1;304
;(9, 8);1;305
;(9, 8);1;306
;(9, 8);1;307
;(9, 8);1;308
MoveWest;(8, 8);1;309
;(8, 8);1;310
;(8, 8);1;311
;(8, 8);1;312
;(8, 8);1;313
;(8, 8);1;314
MoveWest;(7, 8);1;315
;(7, 8);1;316
;(7, 8);1;317
;(7, 8);1;318
;(7, 8);1;319
MoveWest;(6, 8);1;320
;(6, 8);1;321
;(6, 8);1;322
;(6, 8);1;323
;(6, 8);1;324
;(6, 8);1;325
MoveSouth;(6, 9);1;326
;(6, 9);1;327
;(6, 9);1;328
;(6, 9);1;329
;(6, 9);1;330
MoveSouth;(6, 10);1;331
;(6, 10);1;332
;(6, 10);1;333
;(6, 10);1;334
;(6, 10);1;335
MoveWest;(5, 10);1;336
;(5, 10);1;337
;(5, 10);1;338
;(5, 10);1;339
;(5, 10);1;340
;(5, 10);1;341
;(5, 10);1;342
;(5, 10);1;343
;(5, 10);1;344
;(5, 10);1;345
GrabObject;(5, 10);1;346
;(5, 10);1;347
;(5, 10);1;348
;(5, 10);1;349
;(5, 10);1;350
;(5, 10);1;351
;(5, 10);1;352
;(5, 10);1;353
;(5, 10);1;354
DropObject;(5, 10);1;355
;(5, 10);1;356
;(5, 10);1;357
;(5, 10);1;358
;(5, 10);1;359
;(5, 10);1;360
;(5, 10);1;361
;(5, 10);1;362
;(5, 10);1;363
;(5, 10);1;364
MoveEast;(6, 10);1;365
;(6, 10);1;366
;(6, 10);1;367
;(6, 10);1;368
;(6, 10);1;369
;(6, 10);1;370
;(6, 10);1;371
;(6, 10);1;372
;(6, 10);1;373
MoveEast;(7, 10);1;374
MoveEast;(8, 10);1;375
MoveEast;(9, 10);1;376
MoveEast;(10, 10);1;377
MoveEast;(11, 10);1;378
MoveEast;(12, 10);1;379
MoveEast;(13, 10);1;380
MoveEast;(14, 10);1;381
MoveEast;(15, 10);1;382
;(15, 10);1;383
;(15, 10);1;384
;(15, 10);1;385
;(15, 10);1;386
;(15, 10);1;387
MoveWest;(14, 10);1;388
;(14, 10);1;389
;(14, 10);1;390
;(14, 10);1;391
;(14, 10);1;392
MoveWest;(13, 10);1;393
;(13, 10);1;394
;(13, 10);1;395
;(13, 10);1;396
;(13, 10);1;397
MoveWest;(12, 10);1;398
;(12, 10);1;399
;(12, 10);1;400
;(12, 10);1;401
;(12, 10);1;402
;(12, 10);1;403
;(12, 10);1;404
MoveEast;(13, 10);1;405
;(13, 10);1;406
;(13, 10);1;407
;(13, 10);1;408
;(13, 10);1;409
;(13, 10);1;410
GrabObject;(13, 10);1;411
;(13, 10);1;412
;(13, 10);1;413
;(13, 10);1;414
;(13, 10);1;415
;(13, 10);1;416
;(13, 10);1;417
;(13, 10);1;418
;(13, 10);1;419
;(13, 10);1;420
MoveWest;(12, 10);1;421
;(12, 10);1;422
;(12, 10);1;423
;(12, 10);1;424
;(12, 10);1;425
;(12, 10);1;426
;(12, 10);1;427
;(12, 10);1;428
MoveWest;(11, 10);1;429
MoveWest;(10, 10);1;430
MoveWest;(9, 10);1;431
MoveWest;(8, 10);1;432
MoveWest;(7, 10);1;433
MoveWest;(6, 10);1;434
MoveWest;(5, 10);1;435
MoveWest;(4, 10);1;436
MoveWest;(3, 10);1;437
;(3, 10);1;438
;(3, 10);1;439
;(3, 10);1;440
;(3, 10);1;441
;(3, 10);1;442
;(3, 10);1;443
;(3, 10);1;444
;(3, 10);1;445
MoveEast;(4, 10);1;446
;(4, 10);1;447
;(4, 10);1;448
;(4, 10);1;449
;(4, 10);1;450
;(4, 10);1;451
;(4, 10);1;452
;(4, 10);1;453
;(4, 10);1;454
;(4, 10);1;455
DropObject;(4, 10);1;456
;(4, 10);1;457
;(4, 10);1;458
;(4, 10);1;459
;(4, 10);1;460
;(4, 10);1;461
;(4, 10);1;462
MoveEast;(5, 10);1;463
;(5, 10);1;464
;(5, 10);1;465
;(5, 10);1;466
;(5, 10);1;467
;(5, 10);1;468
;(5, 10);1;469
;(5, 10);1;470
;(5, 10);1;471
;(5, 10);1;472
;(5, 10);1;473
MoveEast;(6, 10);1;474
MoveEast;(7, 10);1;475
MoveEast;(8, 10);1;476
MoveEast;(9, 10);1;477
MoveEast;(10, 10);1;478
;(10, 10);1;479
;(10, 10);1;480
;(10, 10);1;481
;(10, 10);1;482
;(10, 10);1;483
;(10, 10);1;484
;(10, 10);1;485
MoveEast;(11, 10);1;486
;(11, 10);1;487
;(11, 10);1;488
;(11, 10);1;489
;(11, 10);1;490
;(11, 10);1;491
GrabObject;(11, 10);1;492
;(11, 10);1;493
;(11, 10);1;494
;(11, 10);1;495
;(11, 10);1;496
;(11, 10);1;497
;(11, 10);1;498
MoveWest;(10, 10);1;499
;(10, 10);1;500
;(10, 10);1;501
;(10, 10);1;502
;(10, 10);1;503
;(10, 10);1;504
;(10, 10);1;505
;(10, 10);1;506
;(10, 10);1;507
;(10, 10);1;508
MoveWest;(9, 10);1;509
MoveWest;(8, 10);1;510
MoveWest;(7, 10);1;511
;(7, 10);1;512
;(7, 10);1;513
;(7, 10);1;514
;(7, 10);1;515
;(7, 10);1;516
;(7, 10);1;517
;(7, 10);1;518
MoveWest;(6, 10);1;519
;(6, 10);1;520
;(6, 10);1;521
;(6, 10);1;522
;(6, 10);1;523
;(6, 10);1;524
;(6, 10);1;525
MoveWest;(5, 10);1;526
;(5, 10);1;527
;(5, 10);1;528
;(5, 10);1;529
;(5, 10);1;530
DropObject;(5, 10);1;531
;(5, 10);1;532
;(5, 10);1;533
;(5, 10);1;534
;(5, 10);1;535
;(5, 10);1;536
;(5, 10);1;537
MoveEast;(6, 10);1;538
;(6, 10);1;539
;(6, 10);1;540
;(6, 10);1;541
;(6, 10);1;542
;(6, 10);1;543
;(6, 10);1;544
;(6, 10);1;545
;(6, 10);1;546
;(6, 10);1;547
MoveEast;(7, 10);1;548
MoveEast;(8, 10);1;549
MoveEast;(9, 10);1;550
MoveEast;(10, 10);1;551
MoveEast;(11, 10);1;552
MoveEast;(12, 10);1;553
MoveEast;(13, 10);1;554
MoveEast;(14, 10);1;555
;(14, 10);1;556
;(14, 10);1;557
;(14, 10);1;558
;(14, 10);1;559
MoveWest;(13, 10);1;560
;(13, 10);1;561
;(13, 10);1;562
;(13, 10);1;563
;(13, 10);1;564
;(13, 10);1;565
;(13, 10);1;566
;(13, 10);1;567
;(13, 10);1;568
;(13, 10);1;569
;(13, 10);1;570
;(13, 10);1;571
;(13, 10);1;572
;(13, 10);1;573
;(13, 10);1;574
MoveWest;(12, 10);1;575
;(12, 10);1;576
;(12, 10);1;577
;(12, 10);1;578
MoveWest;(11, 10);1;579
;(11, 10);1;580
;(11, 10);1;581
;(11, 10);1;582
;(11, 10);1;583
;(11, 10);1;584
MoveWest;(10, 10);1;585
;(10, 10);1;586
;(10, 10);1;587
;(10, 10);1;588
;(10, 10);1;589
;(10, 10);1;590
;(10, 10);1;591
;(10, 10);1;592
;(10, 10);1;593
;(10, 10);1;594
;(10, 10);1;595
;(10, 10);1;596
GrabObject;(10, 10);1;597
;(10, 10);1;598
;(10, 10);1;599
;(10, 10);1;600
;(10, 10);1;601
;(10, 10);1;602
;(10, 10);1;603
;(10, 10);1;604
;(10, 10);1;605
;(10, 10);1;606
;(10, 10);1;607
;(10, 10);1;608
MoveWest;(9, 10);1;609
;(9, 10);1;610
;(9, 10);1;611
;(9, 10);1;612
;(9, 10);1;613
;(9, 10);1;614
;(9, 10);1;615
;(9, 10);1;616
;(9, 10);1;617
;(9, 10);1;618
;(9, 10);1;619
;(9, 10);1;620
;(9, 10);1;621
;(9, 10);1;622
;(9, 10);1;623
;(9, 10);1;624
;(9, 10);1;625
;(9, 10);1;626
;(9, 10);1;627
;(9, 10);1;628
;(9, 10);1;629
;(9, 10);1;630
MoveWest;(8, 10);1;631
;(8, 10);1;632
;(8, 10);1;633
;(8, 10);1;634
;(8, 10);1;635
MoveWest;(7, 10);1;636
;(7, 10);1;637
;(7, 10);1;638
MoveWest;(6, 10);1;639
;(6, 10);1;640
;(6, 10);1;641
;(6, 10);1;642
MoveWest;(5, 10);1;643
;(5, 10);1;644
;(5, 10);1;645
;(5, 10);1;646
;(5, 10);1;647
;(5, 10);1;648
MoveWest;(4, 10);1;649
;(4, 10);1;650
;(4, 10);1;651
;(4, 10);1;652
;(4, 10);1;653
;(4, 10);1;654
DropObject;(4, 10);1;655
;(4, 10);1;656
;(4, 10);1;657
;(4, 10);1;658
;(4, 10);1;659
;(4, 10);1;660
;(4, 10);1;661
;(4, 10);1;662
;(4, 10);1;663
;(4, 10);1;664
;(4, 10);1;665
MoveEast;(5, 10);1;666
;(5, 10);1;667
;(5, 10);1;668
;(5, 10);1;669
;(5, 10);1;670
;(5, 10);1;671
;(5, 10);1;672
;(5, 10);1;673
;(5, 10);1;674
;(5, 10);1;675
MoveEast;(6, 10);1;676
MoveEast;(7, 10);1;677
MoveEast;(8, 10);1;678
MoveEast;(9, 10);1;679
MoveEast;(10, 10);1;680
MoveEast;(11, 10);1;681
MoveEast;(12, 10);1;682
MoveEast;(13, 10);1;683
MoveEast;(14, 10);1;684
;(14, 10);1;685
;(14, 10);1;686
;(14, 10);1;687
;(14, 10);1;688
;(14, 10);1;689
;(14, 10);1;690
;(14, 10);1;691
;(14, 10);1;692
;(14, 10);1;693
;(14, 10);1;694
MoveWest;(13, 10);1;695
;(13, 10);1;696
;(13, 10);1;697
;(13, 10);1;698
;(13, 10);1;699
;(13, 10);1;700
;(13, 10);1;701
;(13, 10);1;702
;(13, 10);1;703
;(13, 10);1;704
;(13, 10);1;705
;(13, 10);1;706
;(13, 10);1;707
MoveWest;(12, 10);1;708
;(12, 10);1;709
;(12, 10);1;710
;(12, 10);1;711
;(12, 10);1;712
;(12, 10);1;713
;(12, 10);1;714
;(12, 10);1;715
;(12, 10);1;716
;(12, 10);1;717
;(12, 10);1;718
;(12, 10);1;719
;(12, 10);1;720
;(12, 10);1;721
;(12, 10);1;722
;(12, 10);1;723
;(12, 10);1;724
;(12, 10);1;725
;(12, 10);1;726
;(12, 10);1;727
;(12, 10);1;728
;(12, 10);1;729
;(12, 10);1;730
;(12, 10);1;731
;(12, 10);1;732
;(12, 10);1;733
GrabObject;(12, 10);1;734
;(12, 10);1;735
;(12, 10);1;736
;(12, 10);1;737
;(12, 10);1;738
;(12, 10);1;739
;(12, 10);1;740
;(12, 10);1;741
;(12, 10);1;742
;(12, 10);1;743
;(12, 10);1;744
MoveWest;(11, 10);1;745
;(11, 10);1;746
;(11, 10);1;747
;(11, 10);1;748
;(11, 10);1;749
;(11, 10);1;750
;(11, 10);1;751
;(11, 10);1;752
MoveWest;(10, 10);1;753
;(10, 10);1;754
;(10, 10);1;755
;(10, 10);1;756
;(10, 10);1;757
MoveWest;(9, 10);1;758
;(9, 10);1;759
;(9, 10);1;760
;(9, 10);1;761
;(9, 10);1;762
;(9, 10);1;763
MoveWest;(8, 10);1;764
;(8, 10);1;765
;(8, 10);1;766
;(8, 10);1;767
;(8, 10);1;768
MoveWest;(7, 10);1;769
;(7, 10);1;770
;(7, 10);1;771
;(7, 10);1;772
;(7, 10);1;773
MoveWest;(6, 10);1;774
;(6, 10);1;775
;(6, 10);1;776
;(6, 10);1;777
;(6, 10);1;778
;(6, 10);1;779
MoveWest;(5, 10);1;780
;(5, 10);1;781
;(5, 10);1;782
;(5, 10);1;783
;(5, 10);1;784
DropObject;(5, 10);1;785
;(5, 10);1;786
;(5, 10);1;787
;(5, 10);1;788
;(5, 10);1;789
;(5, 10);1;790
;(5, 10);1;791
;(5, 10);1;792
;(5, 10);1;793
;(5, 10);1;794
;(5, 10);1;795
MoveEast;(6, 10);1;796
;(6, 10);1;797
;(6, 10);1;798
;(6, 10);1;799
;(6, 10);1;800
MoveEast;(7, 10);1;801
;(7, 10);1;802
;(7, 10);1;803
;(7, 10);1;804
;(7, 10);1;805
;(7, 10);1;806
;(7, 10);1;807
;(7, 10);1;808
;(7, 10);1;809
GrabObject;(7, 10);1;810
;(7, 10);1;811
;(7, 10);1;812
;(7, 10);1;813
;(7, 10);1;814
;(7, 10);1;815
MoveNorth;(7, 9);1;816
;(7, 9);1;817
;(7, 9);1;818
;(7, 9);1;819
;(7, 9);1;820
;(7, 9);1;821
GrabObject;(7, 9);1;822
;(7, 9);1;823
;(7, 9);1;824
;(7, 9);1;825
;(7, 9);1;826
MoveEast;(8, 9);1;827
;(8, 9);1;828
;(8, 9);1;829
;(8, 9);1;830
;(8, 9);1;831
;(8, 9);1;832
;(8, 9);1;833
;(8, 9);1;834
;(8, 9);1;835
MoveSouth;(8, 10);1;836
;(8, 10);1;837
;(8, 10);1;838
;(8, 10);1;839
;(8, 10);1;840
MoveEast;(9, 10);1;841
;(9, 10);1;842
;(9, 10);1;843
GrabObject;(9, 10);1;844
;(9, 10);1;845
;(9, 10);1;846
;(9, 10);1;847
;(9, 10);1;848
;(9, 10);1;849
GrabObject;(9, 10);1;850
;(9, 10);1;851
;(9, 10);1;852
;(9, 10);1;853
;(9, 10);1;854
GrabObject;(9, 10);1;855
;(9, 10);1;856
;(9, 10);1;857
GrabObject;(9, 10);1;858
;(9, 10);1;859
;(9, 10);1;860
;(9, 10);1;861
GrabObject;(9, 10);1;862
;(9, 10);1;863
;(9, 10);1;864
MoveEast;(10, 10);1;865
;(10, 10);1;866
;(10, 10);1;867
;(10, 10);1;868
;(10, 10);1;869
MoveEast;(11, 10);1;870
;(11, 10);1;871
;(11, 10);1;872
MoveEast;(12, 10);1;873
;(12, 10);1;874
;(12, 10);1;875
;(12, 10);1;876
;(12, 10);1;877
;(12, 10);1;878
;(12, 10);1;879
;(12, 10);1;880
;(12, 10);1;881
;(12, 10);1;882
;(12, 10);1;883
;(12, 10);1;884
;(12, 10);1;885
;(12, 10);1;886
;(12, 10);1;887
DropObject;(12, 10);1;888
;(12, 10);1;889
;(12, 10);1;890
;(12, 10);1;891
;(12, 10);1;892
;(12, 10);1;893
;(12, 10);1;894
;(12, 10);1;895
GrabObject;(12, 10);1;896
;(12, 10);1;897
;(12, 10);1;898
;(12, 10);1;899
;(12, 10);1;900
;(12, 10);1;901
;(12, 10);1;902
;(12, 10);1;903
MoveWest;(11, 10);1;904
;(11, 10);1;905
;(11, 10);1;906
;(11, 10);1;907
;(11, 10);1;908
;(11, 10);1;909
MoveWest;(10, 10);1;910
;(10, 10);1;911
;(10, 10);1;912
MoveWest;(9, 10);1;913
;(9, 10);1;914
;(9, 10);1;915
MoveWest;(8, 10);1;916
;(8, 10);1;917
;(8, 10);1;918
MoveWest;(7, 10);1;919
;(7, 10);1;920
;(7, 10);1;921
MoveWest;(6, 10);1;922
;(6, 10);1;923
;(6, 10);1;924
MoveWest;(5, 10);1;925
;(5, 10);1;926
;(5, 10);1;927
;(5, 10);1;928
;(5, 10);1;929
MoveWest;(4, 10);1;930
;(4, 10);1;931
;(4, 10);1;932
;(4, 10);1;933
;(4, 10);1;934
;(4, 10);1;935
GrabObject;(4, 10);1;936
;(4, 10);1;937
;(4, 10);1;938
;(4, 10);1;939
;(4, 10);1;940
;(4, 10);1;941
;(4, 10);1;942
;(4, 10);1;943
;(4, 10);1;944
;(4, 10);1;945
;(4, 10);1;946
;(4, 10);1;947
;(4, 10);1;948
;(4, 10);1;949
;(4, 10);1;950
;(4, 10);1;951
DropObject;(4, 10);1;952
;(4, 10);1;953
;(4, 10);1;954
;(4, 10);1;955
;(4, 10);1;956
;(4, 10);1;957
;(4, 10);1;958
;(4, 10);1;959
MoveEast;(5, 10);1;960
;(5, 10);1;961
;(5, 10);1;962
;(5, 10);1;963
;(5, 10);1;964
;(5, 10);1;965
;(5, 10);1;966
;(5, 10);1;967
;(5, 10);1;968
;(5, 10);1;969
;(5, 10);1;970
;(5, 10);1;971
;(5, 10);1;972
;(5, 10);1;973
;(5, 10);1;974
;(5, 10);1;975
;(5, 10);1;976
;(5, 10);1;977
;(5, 10);1;978
;(5, 10);1;979
;(5, 10);1;980
;(5, 10);1;981
;(5, 10);1;982
;(5, 10);1;983
;(5, 10);1;984
;(5, 10);1;985
;(5, 10);1;986
;(5, 10);1;987
;(5, 10);1;988
;(5, 10);1;989
;(5, 10);1;990
MoveEast;(6, 10);1;991
;(6, 10);1;992
;(6, 10);1;993
;(6, 10);1;994
;(6, 10);1;995
MoveNorth;(6, 9);1;996
;(6, 9);1;997
;(6, 9);1;998
;(6, 9);1;999
;(6, 9);1;1000
MoveNorth;(6, 8);1;1001
;(6, 8);1;1002
;(6, 8);1;1003
;(6, 8);1;1004
;(6, 8);1;1005
MoveEast;(7, 8);1;1006
;(7, 8);1;1007
;(7, 8);1;1008
;(7, 8);1;1009
MoveEast;(8, 8);1;1010
;(8, 8);1;1011
;(8, 8);1;1012
;(8, 8);1;1013
;(8, 8);1;1014
MoveEast;(9, 8);1;1015
;(9, 8);1;1016
;(9, 8);1;1017
;(9, 8);1;1018
;(9, 8);1;1019
;(9, 8);1;1020
MoveNorth;(9, 7);1;1021
;(9, 7);1;1022
;(9, 7);1;1023
;(9, 7);1;1024
;(9, 7);1;1025
;(9, 7);1;1026
;(9, 7);1;1027
;(9, 7);1;1028
GrabObject;(9, 7);1;1029
;(9, 7);1;1030
;(9, 7);1;1031
;(9, 7);1;1032
;(9, 7);1;1033
;(9, 7);1;1034
;(9, 7);1;1035
;(9, 7);1;1036
;(9, 7);1;1037
;(9, 7);1;1038
MoveWest;(8, 7);1;1039
;(8, 7);1;1040
;(8, 7);1;1041
MoveWest;(7, 7);1;1042
;(7, 7);1;1043
;(7, 7);1;1044
MoveWest;(6, 7);1;1045
;(6, 7);1;1046
;(6, 7);1;1047
;(6, 7);1;1048
MoveWest;(5, 7);1;1049
;(5, 7);1;1050
;(5, 7);1;1051
;(5, 7);1;1052
;(5, 7);1;1053
;(5, 7);1;1054
;(5, 7);1;1055
DropObject;(5, 7);1;1056
;(5, 7);1;1057
;(5, 7);1;1058
;(5, 7);1;1059
;(5, 7);1;1060
;(5, 7);1;1061
;(5, 7);1;1062
;(5, 7);1;1063
;(5, 7);1;1064
;(5, 7);1;1065
MoveSouth;(5, 8);1;1066
;(5, 8);1;1067
;(5, 8);1;1068
MoveEast;(6, 8);1;1069
;(6, 8);1;1070
;(6, 8);1;1071
;(6, 8);1;1072
;(6, 8);1;1073
MoveEast;(7, 8);1;1074
;(7, 8);1;1075
;(7, 8);1;1076
;(7, 8);1;1077
;(7, 8);1;1078
;(7, 8);1;1079
MoveEast;(8, 8);1;1080
;(8, 8);1;1081
;(8, 8);1;1082
;(8, 8);1;1083
;(8, 8);1;1084
;(8, 8);1;1085
;(8, 8);1;1086
MoveNorth;(8, 7);1;1087
;(8, 7);1;1088
;(8, 7);1;1089
;(8, 7);1;1090
;(8, 7);1;1091
;(8, 7);1;1092
;(8, 7);1;1093
MoveEast;(9, 7);1;1094
;(9, 7);1;1095
;(9, 7);1;1096
MoveEast;(10, 7);1;1097
;(10, 7);1;1098
;(10, 7);1;1099
MoveEast;(11, 7);1;1100
;(11, 7);1;1101
;(11, 7);1;1102
;(11, 7);1;1103
;(11, 7);1;1104
;(11, 7);1;1105
;(11, 7);1;1106
MoveNorth;(11, 6);1;1107
;(11, 6);1;1108
;(11, 6);1;1109
;(11, 6);1;1110
;(11, 6);1;1111
MoveWest;(10, 6);1;1112
;(10, 6);1;1113
;(10, 6);1;1114
;(10, 6);1;1115
;(10, 6);1;1116
;(10, 6);1;1117
;(10, 6);1;1118
GrabObject;(10, 6);1;1119
;(10, 6);1;1120
;(10, 6);1;1121
;(10, 6);1;1122
;(10, 6);1;1123
;(10, 6);1;1124
;(10, 6);1;1125
;(10, 6);1;1126
;(10, 6);1;1127
MoveWest;(9, 6);1;1128
;(9, 6);1;1129
;(9, 6);1;1130
MoveWest;(8, 6);1;1131
;(8, 6);1;1132
;(8, 6);1;1133
MoveWest;(7, 6);1;1134
;(7, 6);1;1135
;(7, 6);1;1136
MoveWest;(6, 6);1;1137
;(6, 6);1;1138
;(6, 6);1;1139
MoveWest;(5, 6);1;1140
;(5, 6);1;1141
;(5, 6);1;1142
;(5, 6);1;1143
;(5, 6);1;1144
;(5, 6);1;1145
;(5, 6);1;1146
;(5, 6);1;1147
;(5, 6);1;1148
DropObject;(5, 6);1;1149
GrabObject;(5, 6);1;1150
;(5, 6);1;1151
;(5, 6);1;1152
;(5, 6);1;1153
;(5, 6);1;1154
;(5, 6);1;1155
;(5, 6);1;1156
;(5, 6);1;1157
;(5, 6);1;1158
;(5, 6);1;1159
MoveEast;(6, 6);1;1160
;(6, 6);1;1161
DropObject;(6, 6);1;1162
;(6, 6);1;1163
;(6, 6);1;1164
;(6, 6);1;1165
;(6, 6);1;1166
;(6, 6);1;1167
;(6, 6);1;1168
;(6, 6);1;1169
;(6, 6);1;1170
;(6, 6);1;1171
;(6, 6);1;1172
;(6, 6);1;1173
;(6, 6);1;1174
MoveEast;(7, 6);1;1175
;(7, 6);1;1176
;(7, 6);1;1177
;(7, 6);1;1178
MoveEast;(8, 6);1;1179
;(8, 6);1;1180
;(8, 6);1;1181
;(8, 6);1;1182
MoveEast;(9, 6);1;1183
;(9, 6);1;1184
;(9, 6);1;1185
MoveSouth;(9, 7);1;1186
;(9, 7);1;1187
;(9, 7);1;1188
;(9, 7);1;1189
;(9, 7);1;1190
;(9, 7);1;1191
;(9, 7);1;1192
;(9, 7);1;1193
;(9, 7);1;1194
;(9, 7);1;1195
MoveEast;(10, 7);1;1196
;(10, 7);1;1197
;(10, 7);1;1198
;(10, 7);1;1199
;(10, 7);1;1200
MoveEast;(11, 7);1;1201
;(11, 7);1;1202
;(11, 7);1;1203
GrabObject;(11, 7);1;1204
;(11, 7);1;1205
;(11, 7);1;1206
;(11, 7);1;1207
;(11, 7);1;1208
;(11, 7);1;1209
;(11, 7);1;1210
;(11, 7);1;1211
;(11, 7);1;1212
;(11, 7);1;1213
;(11, 7);1;1214
MoveWest;(10, 7);1;1215
MoveWest;(9, 7);1;1216
;(9, 7);1;1217
;(9, 7);1;1218
;(9, 7);1;1219
MoveWest;(8, 7);1;1220
;(8, 7);1;1221
;(8, 7);1;1222
MoveWest;(7, 7);1;1223
;(7, 7);1;1224
;(7, 7);1;1225
MoveWest;(6, 7);1;1226
;(6, 7);1;1227
;(6, 7);1;1228
MoveWest;(5, 7);1;1229
;(5, 7);1;1230
;(5, 7);1;1231
;(5, 7);1;1232
DropObject;(5, 7);1;1233
;(5, 7);1;1234
;(5, 7);1;1235
;(5, 7);1;1236
;(5, 7);1;1237
;(5, 7);1;1238
;(5, 7);1;1239
;(5, 7);1;1240
;(5, 7);1;1241
;(5, 7);1;1242
;(5, 7);1;1243
;(5, 7);1;1244
;(5, 7);1;1245
MoveEast;(6, 7);1;1246
;(6, 7);1;1247
;(6, 7);1;1248
;(6, 7);1;1249
MoveEast;(7, 7);1;1250
;(7, 7);1;1251
;(7, 7);1;1252
MoveEast;(8, 7);1;1253
;(8, 7);1;1254
;(8, 7);1;1255
;(8, 7);1;1256
MoveEast;(9, 7);1;1257
;(9, 7);1;1258
;(9, 7);1;1259
MoveSouth;(9, 8);1;1260
;(9, 8);1;1261
;(9, 8);1;1262
;(9, 8);1;1263
;(9, 8);1;1264
;(9, 8);1;1265
;(9, 8);1;1266
GrabObject;(9, 8);1;1267
;(9, 8);1;1268
;(9, 8);1;1269
;(9, 8);1;1270
;(9, 8);1;1271
;(9, 8);1;1272
;(9, 8);1;1273
;(9, 8);1;1274
;(9, 8);1;1275
;(9, 8);1;1276
MoveWest;(8, 8);1;1277
;(8, 8);1;1278
;(8, 8);1;1279
MoveWest;(7, 8);1;1280
;(7, 8);1;1281
;(7, 8);1;1282
MoveWest;(6, 8);1;1283
;(6, 8);1;1284
;(6, 8);1;1285
MoveWest;(5, 8);1;1286
;(5, 8);1;1287
;(5, 8);1;1288
;(5, 8);1;1289
;(5, 8);1;1290
;(5, 8);1;1291
;(5, 8);1;1292
;(5, 8);1;1293
DropObject;(5, 8);1;1294
;(5, 8);1;1295
;(5, 8);1;1296
;(5, 8);1;1297
;(5, 8);1;1298
;(5, 8);1;1299
;(5, 8);1;1300
;(5, 8);1;1301
;(5, 8);1;1302
;(5, 8);1;1303
;(5, 8);1;1304
MoveEast;(6, 8);1;1305
;(6, 8);1;1306
;(6, 8);1;1307
MoveEast;(7, 8);1;1308
;(7, 8);1;1309
;(7, 8);1;1310
MoveEast;(8, 8);1;1311
;(8, 8);1;1312
;(8, 8);1;1313
;(8, 8);1;1314
MoveEast;(9, 8);1;1315
;(9, 8);1;1316
;(9, 8);1;1317
;(9, 8);1;1318
;(9, 8);1;1319
;(9, 8);1;1320
;(9, 8);1;1321
MoveNorth;(9, 7);1;1322
;(9, 7);1;1323
;(9, 7);1;1324
;(9, 7);1;1325
MoveWest;(8, 7);1;1326
;(8, 7);1;1327
;(8, 7);1;1328
;(8, 7);1;1329
;(8, 7);1;1330
GrabObject;(8, 7);1;1331
;(8, 7);1;1332
;(8, 7);1;1333
;(8, 7);1;1334
;(8, 7);1;1335
;(8, 7);1;1336
MoveWest;(7, 7);1;1337
;(7, 7);1;1338
;(7, 7);1;1339
MoveWest;(6, 7);1;1340
;(6, 7);1;1341
;(6, 7);1;1342
MoveWest;(5, 7);1;1343
;(5, 7);1;1344
;(5, 7);1;1345
GrabObject;(5, 7);1;1346
;(5, 7);1;1347
;(5, 7);1;1348
;(5, 7);1;1349
;(5, 7);1;1350
;(5, 7);1;1351
;(5, 7);1;1352
;(5, 7);1;1353
;(5, 7);1;1354
;(5, 7);1;1355
DropObject;(5, 7);1;1356
;(5, 7);1;1357
;(5, 7);1;1358
;(5, 7);1;1359
;(5, 7);1;1360
;(5, 7);1;1361
;(5, 7);1;1362
;(5, 7);1;1363
;(5, 7);1;1364
;(5, 7);1;1365
;(5, 7);1;1366
;(5, 7);1;1367
;(5, 7);1;1368
;(5, 7);1;1369
;(5, 7);1;1370
;(5, 7);1;1371
MoveEast;(6, 7);1;1372
;(6, 7);1;1373
;(6, 7);1;1374
;(6, 7);1;1375
MoveEast;(7, 7);1;1376
;(7, 7);1;1377
;(7, 7);1;1378
;(7, 7);1;1379
;(7, 7);1;1380
MoveEast;(8, 7);1;1381
;(8, 7);1;1382
;(8, 7);1;1383
;(8, 7);1;1384
;(8, 7);1;1385
;(8, 7);1;1386
MoveEast;(9, 7);1;1387
;(9, 7);1;1388
;(9, 7);1;1389
;(9, 7);1;1390
;(9, 7);1;1391
;(9, 7);1;1392
;(9, 7);1;1393
;(9, 7);1;1394
;(9, 7);1;1395
;(9, 7);1;1396
;(9, 7);1;1397
;(9, 7);1;1398
MoveEast;(10, 7);1;1399
;(10, 7);1;1400
;(10, 7);1;1401
DropObject;(10, 7);1;1402
;(10, 7);1;1403
;(10, 7);1;1404
;(10, 7);1;1405
;(10, 7);1;1406
;(10, 7);1;1407
GrabObject;(10, 7);1;1408
;(10, 7);1;1409
;(10, 7);1;1410
;(10, 7);1;1411
MoveSouth;(10, 8);1;1412
;(10, 8);1;1413
;(10, 8);1;1414
;(10, 8);1;1415
;(10, 8);1;1416
MoveEast;(11, 8);1;1417
;(11, 8);1;1418
;(11, 8);1;1419
;(11, 8);1;1420
;(11, 8);1;1421
;(11, 8);1;1422
;(11, 8);1;1423
;(11, 8);1;1424
;(11, 8);1;1425
;(11, 8);1;1426
MoveSouth;(11, 9);1;1427
;(11, 9);1;1428
;(11, 9);1;1429
;(11, 9);1;1430
;(11, 9);1;1431
MoveEast;(12, 9);1;1432
;(12, 9);1;1433
;(12, 9);1;1434
;(12, 9);1;1435
;(12, 9);1;1436
MoveSouth;(12, 10);1;1437
;(12, 10);1;1438
;(12, 10);1;1439
;(12, 10);1;1440
;(12, 10);1;1441
;(12, 10);1;1442
MoveSouth;(12, 11);1;1443
;(12, 11);1;1444
;(12, 11);1;1445
;(12, 11);1;1446
;(12, 11);1;1447
;(12, 11);1;1448
;(12, 11);1;1449
;(12, 11);1;1450
;(12, 11);1;1451
;(12, 11);1;1452
;(12, 11);1;1453
MoveNorth;(12, 10);1;1454
;(12, 10);1;1455
;(12, 10);1;1456
;(12, 10);1;1457
;(12, 10);1;1458
GrabObject;(12, 10);1;1459
;(12, 10);1;1460
;(12, 10);1;1461
;(12, 10);1;1462
;(12, 10);1;1463
;(12, 10);1;1464
;(12, 10);1;1465
;(12, 10);1;1466
MoveWest;(11, 10);1;1467
;(11, 10);1;1468
;(11, 10);1;1469
;(11, 10);1;1470
;(11, 10);1;1471
;(11, 10);1;1472
;(11, 10);1;1473
;(11, 10);1;1474
;(11, 10);1;1475
;(11, 10);1;1476
MoveWest;(10, 10);1;1477
MoveWest;(9, 10);1;1478
MoveWest;(8, 10);1;1479
MoveWest;(7, 10);1;1480
MoveWest;(6, 10);1;1481
MoveWest;(5, 10);1;1482
MoveWest;(4, 10);1;1483
MoveWest;(3, 10);1;1484
MoveWest;(2, 10);1;1485
MoveWest;(1, 10);1;1486
;(1, 10);1;1487
;(1, 10);1;1488
MoveNorth;(1, 9);1;1489
;(1, 9);1;1490
;(1, 9);1;1491
;(1, 9);1;1492
;(1, 9);1;1493
;(1, 9);1;1494
MoveEast;(2, 9);1;1495
;(2, 9);1;1496
;(2, 9);1;1497
;(2, 9);1;1498
;(2, 9);1;1499
MoveEast;(3, 9);1;1500
;(3, 9);1;1501
;(3, 9);1;1502
;(3, 9);1;1503
;(3, 9);1;1504
MoveEast;(4, 9);1;1505
;(4, 9);1;1506
;(4, 9);1;1507
;(4, 9);1;1508
;(4, 9);1;1509
MoveEast;(5, 9);1;1510
;(5, 9);1;1511
DropObject;(5, 9);1;1512
;(5, 9);1;1513
;(5, 9);1;1514
;(5, 9);1;1515
;(5, 9);1;1516
;(5, 9);1;1517
;(5, 9);1;1518
;(5, 9);1;1519
;(5, 9);1;1520
;(5, 9);1;1521
;(5, 9);1;1522
;(5, 9);1;1523
;(5, 9);1;1524
;(5, 9);1;1525
;(5, 9);1;1526
;(5, 9);1;1527
;(5, 9);1;1528
MoveEast;(6, 9);1;1529
;(6, 9);1;1530
;(6, 9);1;1531
;(6, 9);1;1532
;(6, 9);1;1533
;(6, 9);1;1534
;(6, 9);1;1535
;(6, 9);1;1536
;(6, 9);1;1537
;(6, 9);1;1538
MoveEast;(7, 9);1;1539
MoveEast;(8, 9);1;1540
MoveEast;(9, 9);1;1541
MoveEast;(10, 9);1;1542
;(10, 9);1;1543
;(10, 9);1;1544
;(10, 9);1;1545
;(10, 9);1;1546
;(10, 9);1;1547
;(10, 9);1;1548
;(10, 9);1;1549
;(10, 9);1;1550
;(10, 9);1;1551
;(10, 9);1;1552
;(10, 9);1;1553
;(10, 9);1;1554
;(10, 9);1;1555
;(10, 9);1;1556
;(10, 9);1;1557
;(10, 9);1;1558
;(10, 9);1;1559
;(10, 9);1;1560
;(10, 9);1;1561
;(10, 9);1;1562
;(10, 9);1;1563
;(10, 9);1;1564
;(10, 9);1;1565
;(10, 9);1;1566
MoveWest;(9, 9);1;1567
;(9, 9);1;1568
;(9, 9);1;1569
;(9, 9);1;1570
;(9, 9);1;1571
;(9, 9);1;1572
;(9, 9);1;1573
;(9, 9);1;1574
;(9, 9);1;1575
;(9, 9);1;1576
;(9, 9);1;1577
;(9, 9);1;1578
MoveNorth;(9, 8);1;1579
;(9, 8);1;1580
;(9, 8);1;1581
;(9, 8);1;1582
;(9, 8);1;1583
;(9, 8);1;1584
;(9, 8);1;1585
;(9, 8);1;1586
;(9, 8);1;1587
;(9, 8);1;1588
;(9, 8);1;1589
;(9, 8);1;1590
;(9, 8);1;1591
;(9, 8);1;1592
;(9, 8);1;1593
;(9, 8);1;1594
;(9, 8);1;1595
;(9, 8);1;1596
;(9, 8);1;1597
;(9, 8);1;1598
;(9, 8);1;1599
;(9, 8);1;1600
;(9, 8);1;1601
;(9, 8);1;1602
;(9, 8);1;1603
;(9, 8);1;1604
;(9, 8);1;1605
;(9, 8);1;1606
;(9, 8);1;1607
;(9, 8);1;1608
;(9, 8);1;1609
;(9, 8);1;1610
;(9, 8);1;1611
;(9, 8);1;1612
;(9, 8);1;1613
;(9, 8);1;1614
GrabObject;(9, 8);1;1615
;(9, 8);1;1616
;(9, 8);1;1617
;(9, 8);1;1618
;(9, 8);1;1619
;(9, 8);1;1620
;(9, 8);1;1621
MoveNorth;(9, 7);1;1622
;(9, 7);1;1623
;(9, 7);1;1624
;(9, 7);1;1625
GrabObject;(9, 7);1;1626
;(9, 7);1;1627
;(9, 7);1;1628
;(9, 7);1;1629
;(9, 7);1;1630
;(9, 7);1;1631
;(9, 7);1;1632
;(9, 7);1;1633
;(9, 7);1;1634
MoveSouth;(9, 8);1;1635
;(9, 8);1;1636
;(9, 8);1;1637
;(9, 8);1;1638
MoveSouth;(9, 9);1;1639
;(9, 9);1;1640
;(9, 9);1;1641
;(9, 9);1;1642
;(9, 9);1;1643
;(9, 9);1;1644
;(9, 9);1;1645
;(9, 9);1;1646
;(9, 9);1;1647
;(9, 9);1;1648
;(9, 9);1;1649
GrabObject;(9, 9);1;1650
;(9, 9);1;1651
;(9, 9);1;1652
;(9, 9);1;1653
;(9, 9);1;1654
MoveEast;(10, 9);1;1655
;(10, 9);1;1656
;(10, 9);1;1657
;(10, 9);1;1658
;(10, 9);1;1659
;(10, 9);1;1660
;(10, 9);1;1661
;(10, 9);1;1662
;(10, 9);1;1663
;(10, 9);1;1664
MoveEast;(11, 9);1;1665
;(11, 9);1;1666
;(11, 9);1;1667
MoveSouth;(11, 10);1;1668
GrabObject;(11, 10);1;1669
;(11, 10);1;1670
;(11, 10);1;1671
;(11, 10);1;1672
;(11, 10);1;1673
;(11, 10);1;1674
;(11, 10);1;1675
;(11, 10);1;1676
;(11, 10);1;1677
GrabObject;(11, 10);1;1678
;(11, 10);1;1679
;(11, 10);1;1680
;(11, 10);1;1681
MoveEast;(12, 10);1;1682
;(12, 10);1;1683
;(12, 10);1;1684
;(12, 10);1;1685
;(12, 10);1;1686
DropObject;(12, 10);1;1687
;(12, 10);1;1688
;(12, 10);1;1689
;(12, 10);1;1690
;(12, 10);1;1691
MoveWest;(11, 10);1;1692
DropObject;(11, 10);1;1693
;(11, 10);1;1694
;(11, 10);1;1695
;(11, 10);1;1696
;(11, 10);1;1697
;(11, 10);1;1698
;(11, 10);1;1699
;(11, 10);1;1700
;(11, 10);1;1701
;(11, 10);1;1702
;(11, 10);1;1703
;(11, 10);1;1704
;(11, 10);1;1705
;(11, 10);1;1706
;(11, 10);1;1707
;(11, 10);1;1708
;(11, 10);1;1709
MoveWest;(10, 10);1;1710
;(10, 10);1;1711
;(10, 10);1;1712
;(10, 10);1;1713
;(10, 10);1;1714
MoveWest;(9, 10);1;1715
;(9, 10);1;1716
;(9, 10);1;1717
;(9, 10);1;1718
;(9, 10);1;1719
;(9, 10);1;1720
;(9, 10);1;1721
MoveWest;(8, 10);1;1722
;(8, 10);1;1723
;(8, 10);1;1724
;(8, 10);1;1725
MoveWest;(7, 10);1;1726
;(7, 10);1;1727
;(7, 10);1;1728
MoveWest;(6, 10);1;1729
;(6, 10);1;1730
;(6, 10);1;1731
;(6, 10);1;1732
;(6, 10);1;1733
;(6, 10);1;1734
;(6, 10);1;1735
;(6, 10);1;1736
;(6, 10);1;1737
;(6, 10);1;1738
;(6, 10);1;1739
;(6, 10);1;1740
;(6, 10);1;1741
;(6, 10);1;1742
;(6, 10);1;1743
;(6, 10);1;1744
;(6, 10);1;1745
;(6, 10);1;1746
;(6, 10);1;1747
;(6, 10);1;1748
;(6, 10);1;1749
;(6, 10);1;1750
;(6, 10);1;1751
;(6, 10);1;1752
;(6, 10);1;1753
;(6, 10);1;1754
;(6, 10);1;1755
;(6, 10);1;1756
;(6, 10);1;1757
;(6, 10);1;1758
;(6, 10);1;1759
;(6, 10);1;1760
;(6, 10);1;1761
;(6, 10);1;1762
;(6, 10);1;1763
;(6, 10);1;1764
;(6, 10);1;1765
;(6, 10);1;1766
;(6, 10);1;1767
;(6, 10);1;1768
;(6, 10);1;1769
;(6, 10);1;1770
;(6, 10);1;1771
;(6, 10);1;1772
;(6, 10);1;1773
;(6, 10);1;1774
;(6, 10);1;1775
;(6, 10);1;1776
;(6, 10);1;1777
;(6, 10);1;1778
;(6, 10);1;1779
;(6, 10);1;1780
;(6, 10);1;1781
;(6, 10);1;1782
;(6, 10);1;1783
;(6, 10);1;1784
;(6, 10);1;1785
;(6, 10);1;1786
;(6, 10);1;1787
;(6, 10);1;1788
;(6, 10);1;1789
;(6, 10);1;1790
;(6, 10);1;1791
;(6, 10);1;1792
;(6, 10);1;1793
;(6, 10);1;1794
;(6, 10);1;1795
;(6, 10);1;1796
;(6, 10);1;1797
;(6, 10);1;1798
;(6, 10);1;1799
;(6, 10);1;1800
;(6, 10);1;1801
;(6, 10);1;1802
;(6, 10);1;1803
;(6, 10);1;1804
;(6, 10);1;1805
;(6, 10);1;1806
;(6, 10);1;1807
;(6, 10);1;1808
;(6, 10);1;1809
;(6, 10);1;1810
;(6, 10);1;1811
;(6, 10);1;1812
;(6, 10);1;1813
;(6, 10);1;1814
;(6, 10);1;1815
;(6, 10);1;1816
;(6, 10);1;1817
;(6, 10);1;1818
;(6, 10);1;1819
;(6, 10);1;1820
;(6, 10);1;1821
;(6, 10);1;1822
;(6, 10);1;1823
;(6, 10);1;1824
;(6, 10);1;1825
;(6, 10);1;1826
;(6, 10);1;1827
;(6, 10);1;1828
;(6, 10);1;1829
;(6, 10);1;1830
;(6, 10);1;1831
;(6, 10);1;1832
;(6, 10);1;1833
;(6, 10);1;1834
;(6, 10);1;1835
;(6, 10);1;1836
;(6, 10);1;1837
;(6, 10);1;1838
;(6, 10);1;1839
;(6, 10);1;1840
;(6, 10);1;1841
;(6, 10);1;1842
;(6, 10);1;1843
;(6, 10);1;1844
;(6, 10);1;1845
;(6, 10);1;1846
;(6, 10);1;1847
;(6, 10);1;1848
;(6, 10);1;1849
;(6, 10);1;1850
;(6, 10);1;1851
;(6, 10);1;1852
;(6, 10);1;1853
;(6, 10);1;1854
;(6, 10);1;1855
;(6, 10);1;1856
;(6, 10);1;1857
;(6, 10);1;1858
;(6, 10);1;1859
;(6, 10);1;1860
;(6, 10);1;1861
;(6, 10);1;1862
;(6, 10);1;1863
;(6, 10);1;1864
;(6, 10);1;1865
;(6, 10);1;1866
;(6, 10);1;1867
;(6, 10);1;1868
;(6, 10);1;1869
;(6, 10);1;1870
;(6, 10);1;1871
;(6, 10);1;1872
;(6, 10);1;1873
;(6, 10);1;1874
;(6, 10);1;1875
;(6, 10);1;1876
;(6, 10);1;1877
;(6, 10);1;1878
;(6, 10);1;1879
;(6, 10);1;1880
;(6, 10);1;1881
;(6, 10);1;1882
;(6, 10);1;1883
;(6, 10);1;1884
;(6, 10);1;1885
;(6, 10);1;1886
;(6, 10);1;1887
;(6, 10);1;1888
;(6, 10);1;1889
;(6, 10);1;1890
;(6, 10);1;1891
;(6, 10);1;1892
;(6, 10);1;1893
;(6, 10);1;1894
;(6, 10);1;1895
;(6, 10);1;1896
;(6, 10);1;1897
;(6, 10);1;1898
;(6, 10);1;1899
;(6, 10);1;1900
;(6, 10);1;1901
;(6, 10);1;1902
;(6, 10);1;1903
;(6, 10);1;1904
;(6, 10);1;1905
;(6, 10);1;1906
;(6, 10);1;1907
;(6, 10);1;1908
;(6, 10);1;1909
;(6, 10);1;1910
;(6, 10);1;1911
;(6, 10);1;1912
;(6, 10);1;1913
;(6, 10);1;1914
;(6, 10);1;1915
;(6, 10);1;1916
;(6, 10);1;1917
;(6, 10);1;1918
;(6, 10);1;1919
;(6, 10);1;1920
;(6, 10);1;1921
;(6, 10);1;1922
;(6, 10);1;1923
;(6, 10);1;1924
;(6, 10);1;1925
;(6, 10);1;1926
;(6, 10);1;1927
;(6, 10);1;1928
;(6, 10);1;1929
;(6, 10);1;1930
;(6, 10);1;1931
;(6, 10);1;1932
;(6, 10);1;1933
;(6, 10);1;1934
;(6, 10);1;1935
;(6, 10);1;1936
;(6, 10);1;1937
;(6, 10);1;1938
;(6, 10);1;1939
;(6, 10);1;1940
;(6, 10);1;1941
;(6, 10);1;1942
;(6, 10);1;1943
;(6, 10);1;1944
;(6, 10);1;1945
;(6, 10);1;1946
;(6, 10);1;1947
;(6, 10);1;1948
;(6, 10);1;1949
;(6, 10);1;1950
;(6, 10);1;1951
;(6, 10);1;1952
;(6, 10);1;1953
;(6, 10);1;1954
;(6, 10);1;1955
;(6, 10);1;1956
;(6, 10);1;1957
;(6, 10);1;1958
;(6, 10);1;1959
;(6, 10);1;1960
;(6, 10);1;1961
;(6, 10);1;1962
;(6, 10);1;1963
;(6, 10);1;1964
;(6, 10);1;1965
;(6, 10);1;1966
;(6, 10);1;1967
;(6, 10);1;1968
;(6, 10);1;1969
;(6, 10);1;1970
;(6, 10);1;1971
;(6, 10);1;1972
;(6, 10);1;1973
;(6, 10);1;1974
;(6, 10);1;1975
;(6, 10);1;1976
;(6, 10);1;1977
;(6, 10);1;1978
;(6, 10);1;1979
;(6, 10);1;1980
;(6, 10);1;1981
;(6, 10);1;1982
;(6, 10);1;1983
;(6, 10);1;1984
;(6, 10);1;1985
;(6, 10);1;1986
;(6, 10);1;1987
;(6, 10);1;1988
;(6, 10);1;1989
;(6, 10);1;1990
;(6, 10);1;1991
;(6, 10);1;1992
;(6, 10);1;1993
;(6, 10);1;1994
;(6, 10);1;1995
;(6, 10);1;1996
;(6, 10);1;1997
;(6, 10);1;1998
;(6, 10);1;1999
;(6, 10);1;2000
;(6, 10);1;2001
;(6, 10);1;2002
;(6, 10);1;2003
;(6, 10);1;2004
;(6, 10);1;2005
;(6, 10);1;2006
;(6, 10);1;2007
;(6, 10);1;2008
;(6, 10);1;2009
;(6, 10);1;2010
;(6, 10);1;2011
;(6, 10);1;2012
;(6, 10);1;2013
;(6, 10);1;2014
;(6, 10);1;2015
;(6, 10);1;2016
;(6, 10);1;2017
;(6, 10);1;2018
;(6, 10);1;2019
;(6, 10);1;2020
;(6, 10);1;2021
;(6, 10);1;2022
;(6, 10);1;2023
;(6, 10);1;2024
;(6, 10);1;2025
;(6, 10);1;2026
;(6, 10);1;2027
;(6, 10);1;2028
;(6, 10);1;2029
;(6, 10);1;2030
;(6, 10);1;2031
;(6, 10);1;2032
;(6, 10);1;2033
;(6, 10);1;2034
;(6, 10);1;2035
;(6, 10);1;2036
;(6, 10);1;2037
;(6, 10);1;2038
;(6, 10);1;2039
;(6, 10);1;2040
;(6, 10);1;2041
;(6, 10);1;2042
;(6, 10);1;2043
;(6, 10);1;2044
;(6, 10);1;2045
;(6, 10);1;2046
;(6, 10);1;2047
;(6, 10);1;2048
;(6, 10);1;2049
;(6, 10);1;2050
;(6, 10);1;2051
;(6, 10);1;2052
;(6, 10);1;2053
;(6, 10);1;2054
;(6, 10);1;2055
;(6, 10);1;2056
;(6, 10);1;2057
;(6, 10);1;2058
;(6, 10);1;2059
;(6, 10);1;2060
;(6, 10);1;2061
;(6, 10);1;2062
;(6, 10);1;2063
;(6, 10);1;2064
;(6, 10);1;2065
;(6, 10);1;2066
;(6, 10);1;2067
;(6, 10);1;2068
;(6, 10);1;2069
;(6, 10);1;2070
;(6, 10);1;2071
;(6, 10);1;2072
;(6, 10);1;2073
;(6, 10);1;2074
;(6, 10);1;2075
;(6, 10);1;2076
;(6, 10);1;2077
;(6, 10);1;2078
;(6, 10);1;2079
;(6, 10);1;2080
;(6, 10);1;2081
;(6, 10);1;2082
;(6, 10);1;2083
;(6, 10);1;2084
;(6, 10);1;2085
;(6, 10);1;2086
;(6, 10);1;2087
;(6, 10);1;2088
;(6, 10);1;2089
;(6, 10);1;2090
;(6, 10);1;2091
;(6, 10);1;2092
;(6, 10);1;2093
;(6, 10);1;2094
;(6, 10);1;2095
;(6, 10);1;2096
;(6, 10);1;2097
;(6, 10);1;2098
;(6, 10);1;2099
;(6, 10);1;2100
;(6, 10);1;2101
;(6, 10);1;2102
;(6, 10);1;2103
;(6, 10);1;2104
;(6, 10);1;2105
;(6, 10);1;2106
;(6, 10);1;2107
;(6, 10);1;2108
;(6, 10);1;2109
;(6, 10);1;2110
;(6, 10);1;2111
;(6, 10);1;2112
;(6, 10);1;2113
;(6, 10);1;2114
;(6, 10);1;2115
;(6, 10);1;2116
;(6, 10);1;2117
;(6, 10);1;2118
;(6, 10);1;2119
;(6, 10);1;2120
;(6, 10);1;2121
;(6, 10);1;2122
;(6, 10);1;2123
;(6, 10);1;2124
;(6, 10);1;2125
;(6, 10);1;2126
;(6, 10);1;2127
;(6, 10);1;2128
;(6, 10);1;2129
;(6, 10);1;2130
;(6, 10);1;2131
;(6, 10);1;2132
;(6, 10);1;2133
;(6, 10);1;2134
;(6, 10);1;2135
;(6, 10);1;2136
;(6, 10);1;2137
;(6, 10);1;2138
;(6, 10);1;2139
;(6, 10);1;2140
;(6, 10);1;2141
;(6, 10);1;2142
;(6, 10);1;2143
;(6, 10);1;2144
;(6, 10);1;2145
;(6, 10);1;2146
;(6, 10);1;2147
;(6, 10);1;2148
;(6, 10);1;2149
;(6, 10);1;2150
;(6, 10);1;2151
;(6, 10);1;2152
;(6, 10);1;2153
;(6, 10);1;2154
;(6, 10);1;2155
;(6, 10);1;2156
;(6, 10);1;2157
;(6, 10);1;2158
;(6, 10);1;2159
;(6, 10);1;2160
;(6, 10);1;2161
;(6, 10);1;2162
;(6, 10);1;2163
;(6, 10);1;2164
;(6, 10);1;2165
;(6, 10);1;2166
;(6, 10);1;2167
;(6, 10);1;2168
;(6, 10);1;2169
;(6, 10);1;2170
;(6, 10);1;2171
;(6, 10);1;2172
;(6, 10);1;2173
;(6, 10);1;2174
;(6, 10);1;2175
;(6, 10);1;2176
;(6, 10);1;2177
;(6, 10);1;2178
;(6, 10);1;2179
;(6, 10);1;2180
;(6, 10);1;2181
;(6, 10);1;2182
;(6, 10);1;2183
;(6, 10);1;2184
;(6, 10);1;2185
;(6, 10);1;2186
;(6, 10);1;2187
;(6, 10);1;2188
;(6, 10);1;2189
;(6, 10);1;2190
;(6, 10);1;2191
;(6, 10);1;2192
;(6, 10);1;2193
;(6, 10);1;2194
;(6, 10);1;2195
;(6, 10);1;2196
;(6, 10);1;2197
;(6, 10);1;2198
;(6, 10);1;2199
;(6, 10);1;2200
;(6, 10);1;2201
;(6, 10);1;2202
;(6, 10);1;2203
;(6, 10);1;2204
;(6, 10);1;2205
;(6, 10);1;2206
;(6, 10);1;2207
;(6, 10);1;2208
;(6, 10);1;2209
;(6, 10);1;2210
;(6, 10);1;2211
;(6, 10);1;2212
;(6, 10);1;2213
;(6, 10);1;2214
;(6, 10);1;2215
;(6, 10);1;2216
;(6, 10);1;2217
;(6, 10);1;2218
;(6, 10);1;2219
;(6, 10);1;2220
;(6, 10);1;2221
;(6, 10);1;2222
;(6, 10);1;2223
;(6, 10);1;2224
;(6, 10);1;2225
;(6, 10);1;2226
;(6, 10);1;2227
;(6, 10);1;2228
;(6, 10);1;2229
;(6, 10);1;2230
;(6, 10);1;2231
;(6, 10);1;2232
;(6, 10);1;2233
;(6, 10);1;2234
;(6, 10);1;2235
;(6, 10);1;2236
;(6, 10);1;2237
;(6, 10);1;2238
;(6, 10);1;2239
;(6, 10);1;2240
;(6, 10);1;2241
;(6, 10);1;2242
;(6, 10);1;2243
;(6, 10);1;2244
;(6, 10);1;2245
;(6, 10);1;2246
;(6, 10);1;2247
;(6, 10);1;2248
;(6, 10);1;2249
;(6, 10);1;2250
;(6, 10);1;2251
;(6, 10);1;2252
;(6, 10);1;2253
;(6, 10);1;2254
;(6, 10);1;2255
;(6, 10);1;2256
;(6, 10);1;2257
;(6, 10);1;2258
;(6, 10);1;2259
;(6, 10);1;2260
;(6, 10);1;2261
;(6, 10);1;2262
;(6, 10);1;2263
;(6, 10);1;2264
;(6, 10);1;2265
;(6, 10);1;2266
;(6, 10);1;2267
;(6, 10);1;2268
;(6, 10);1;2269
;(6, 10);1;2270
;(6, 10);1;2271
;(6, 10);1;2272
;(6, 10);1;2273
;(6, 10);1;2274
;(6, 10);1;2275
;(6, 10);1;2276
;(6, 10);1;2277
;(6, 10);1;2278
;(6, 10);1;2279
;(6, 10);1;2280
;(6, 10);1;2281
;(6, 10);1;2282
;(6, 10);1;2283
;(6, 10);1;2284
;(6, 10);1;2285
;(6, 10);1;2286
;(6, 10);1;2287
;(6, 10);1;2288
;(6, 10);1;2289
;(6, 10);1;2290
;(6, 10);1;2291
;(6, 10);1;2292
;(6, 10);1;2293
;(6, 10);1;2294
;(6, 10);1;2295
;(6, 10);1;2296
;(6, 10);1;2297
;(6, 10);1;2298
;(6, 10);1;2299
;(6, 10);1;2300
;(6, 10);1;2301
;(6, 10);1;2302
;(6, 10);1;2303
;(6, 10);1;2304
;(6, 10);1;2305
;(6, 10);1;2306
;(6, 10);1;2307
;(6, 10);1;2308
;(6, 10);1;2309
;(6, 10);1;2310
;(6, 10);1;2311
;(6, 10);1;2312
;(6, 10);1;2313
;(6, 10);1;2314
;(6, 10);1;2315
;(6, 10);1;2316
;(6, 10);1;2317
;(6, 10);1;2318
;(6, 10);1;2319
;(6, 10);1;2320
;(6, 10);1;2321
;(6, 10);1;2322
;(6, 10);1;2323
;(6, 10);1;2324
;(6, 10);1;2325
;(6, 10);1;2326
;(6, 10);1;2327
;(6, 10);1;2328
;(6, 10);1;2329
;(6, 10);1;2330
;(6, 10);1;2331
;(6, 10);1;2332
;(6, 10);1;2333
;(6, 10);1;2334
;(6, 10);1;2335
;(6, 10);1;2336
;(6, 10);1;2337
;(6, 10);1;2338
;(6, 10);1;2339
;(6, 10);1;2340
;(6, 10);1;2341
;(6, 10);1;2342
;(6, 10);1;2343
;(6, 10);1;2344
;(6, 10);1;2345
;(6, 10);1;2346
;(6, 10);1;2347
;(6, 10);1;2348
;(6, 10);1;2349
;(6, 10);1;2350
;(6, 10);1;2351
;(6, 10);1;2352
;(6, 10);1;2353
;(6, 10);1;2354
;(6, 10);1;2355
;(6, 10);1;2356
;(6, 10);1;2357
;(6, 10);1;2358
;(6, 10);1;2359
;(6, 10);1;2360
;(6, 10);1;2361
;(6, 10);1;2362
;(6, 10);1;2363
;(6, 10);1;2364
;(6, 10);1;2365
;(6, 10);1;2366
;(6, 10);1;2367
;(6, 10);1;2368
;(6, 10);1;2369
;(6, 10);1;2370
;(6, 10);1;2371
;(6, 10);1;2372
;(6, 10);1;2373
;(6, 10);1;2374
;(6, 10);1;2375
;(6, 10);1;2376
;(6, 10);1;2377
;(6, 10);1;2378
;(6, 10);1;2379
;(6, 10);1;2380
;(6, 10);1;2381
;(6, 10);1;2382
;(6, 10);1;2383
;(6, 10);1;2384
;(6, 10);1;2385
;(6, 10);1;2386
;(6, 10);1;2387
;(6, 10);1;2388
;(6, 10);1;2389
;(6, 10);1;2390
;(6, 10);1;2391
;(6, 10);1;2392
;(6, 10);1;2393
;(6, 10);1;2394
;(6, 10);1;2395
;(6, 10);1;2396
;(6, 10);1;2397
;(6, 10);1;2398
;(6, 10);1;2399
;(6, 10);1;2400
;(6, 10);1;2401
;(6, 10);1;2402
;(6, 10);1;2403
;(6, 10);1;2404
;(6, 10);1;2405
;(6, 10);1;2406
;(6, 10);1;2407
;(6, 10);1;2408
;(6, 10);1;2409
;(6, 10);1;2410
;(6, 10);1;2411
;(6, 10);1;2412
;(6, 10);1;2413
;(6, 10);1;2414
;(6, 10);1;2415
;(6, 10);1;2416
;(6, 10);1;2417
;(6, 10);1;2418
;(6, 10);1;2419
;(6, 10);1;2420
;(6, 10);1;2421
;(6, 10);1;2422
;(6, 10);1;2423
;(6, 10);1;2424
;(6, 10);1;2425
;(6, 10);1;2426
;(6, 10);1;2427
;(6, 10);1;2428
;(6, 10);1;2429
;(6, 10);1;2430
;(6, 10);1;2431
;(6, 10);1;2432
;(6, 10);1;2433
;(6, 10);1;2434
;(6, 10);1;2435
;(6, 10);1;2436
;(6, 10);1;2437
;(6, 10);1;2438
;(6, 10);1;2439
;(6, 10);1;2440
;(6, 10);1;2441
;(6, 10);1;2442
;(6, 10);1;2443
;(6, 10);1;2444
;(6, 10);1;2445
;(6, 10);1;2446
;(6, 10);1;2447
;(6, 10);1;2448
;(6, 10);1;2449
;(6, 10);1;2450
;(6, 10);1;2451
;(6, 10);1;2452
;(6, 10);1;2453
;(6, 10);1;2454
;(6, 10);1;2455
;(6, 10);1;2456
;(6, 10);1;2457
;(6, 10);1;2458
;(6, 10);1;2459
;(6, 10);1;2460
;(6, 10);1;2461
;(6, 10);1;2462
;(6, 10);1;2463
;(6, 10);1;2464
;(6, 10);1;2465
;(6, 10);1;2466
;(6, 10);1;2467
;(6, 10);1;2468
;(6, 10);1;2469
;(6, 10);1;2470
;(6, 10);1;2471
;(6, 10);1;2472
;(6, 10);1;2473
;(6, 10);1;2474
;(6, 10);1;2475
;(6, 10);1;2476
;(6, 10);1;2477
;(6, 10);1;2478
;(6, 10);1;2479
;(6, 10);1;2480
;(6, 10);1;2481
;(6, 10);1;2482
;(6, 10);1;2483
;(6, 10);1;2484
;(6, 10);1;2485
;(6, 10);1;2486
;(6, 10);1;2487
;(6, 10);1;2488
;(6, 10);1;2489
;(6, 10);1;2490
;(6, 10);1;2491
;(6, 10);1;2492
;(6, 10);1;2493
;(6, 10);1;2494
;(6, 10);1;2495
;(6, 10);1;2496
;(6, 10);1;2497
;(6, 10);1;2498
;(6, 10);1;2499
;(6, 10);1;2500
;(6, 10);1;2501
;(6, 10);1;2502
;(6, 10);1;2503
;(6, 10);1;2504
;(6, 10);1;2505
;(6, 10);1;2506
;(6, 10);1;2507
;(6, 10);1;2508
;(6, 10);1;2509
;(6, 10);1;2510
;(6, 10);1;2511
;(6, 10);1;2512
;(6, 10);1;2513
;(6, 10);1;2514
;(6, 10);1;2515
;(6, 10);1;2516
;(6, 10);1;2517
;(6, 10);1;2518
;(6, 10);1;2519
;(6, 10);1;2520
;(6, 10);1;2521
;(6, 10);1;2522
;(6, 10);1;2523
;(6, 10);1;2524
;(6, 10);1;2525
;(6, 10);1;2526
;(6, 10);1;2527
;(6, 10);1;2528
;(6, 10);1;2529
;(6, 10);1;2530
;(6, 10);1;2531
;(6, 10);1;2532
;(6, 10);1;2533
;(6, 10);1;2534
;(6, 10);1;2535
;(6, 10);1;2536
;(6, 10);1;2537
;(6, 10);1;2538
;(6, 10);1;2539
;(6, 10);1;2540
;(6, 10);1;2541
;(6, 10);1;2542
;(6, 10);1;2543
;(6, 10);1;2544
;(6, 10);1;2545
;(6, 10);1;2546
;(6, 10);1;2547
;(6, 10);1;2548
;(6, 10);1;2549
;(6, 10);1;2550
;(6, 10);1;2551
;(6, 10);1;2552
;(6, 10);1;2553
;(6, 10);1;2554
;(6, 10);1;2555
;(6, 10);1;2556
;(6, 10);1;2557
;(6, 10);1;2558
;(6, 10);1;2559
;(6, 10);1;2560
;(6, 10);1;2561
;(6, 10);1;2562
;(6, 10);1;2563
;(6, 10);1;2564
;(6, 10);1;2565
;(6, 10);1;2566
;(6, 10);1;2567
;(6, 10);1;2568
;(6, 10);1;2569
;(6, 10);1;2570
;(6, 10);1;2571
;(6, 10);1;2572
;(6, 10);1;2573
;(6, 10);1;2574
;(6, 10);1;2575
;(6, 10);1;2576
;(6, 10);1;2577
;(6, 10);1;2578
;(6, 10);1;2579
;(6, 10);1;2580
;(6, 10);1;2581
;(6, 10);1;2582
;(6, 10);1;2583
;(6, 10);1;2584
;(6, 10);1;2585
;(6, 10);1;2586
;(6, 10);1;2587
;(6, 10);1;2588
;(6, 10);1;2589
;(6, 10);1;2590
;(6, 10);1;2591
;(6, 10);1;2592
;(6, 10);1;2593
;(6, 10);1;2594
;(6, 10);1;2595
;(6, 10);1;2596
;(6, 10);1;2597
;(6, 10);1;2598
;(6, 10);1;2599
;(6, 10);1;2600
;(6, 10);1;2601
;(6, 10);1;2602
;(6, 10);1;2603
;(6, 10);1;2604
;(6, 10);1;2605
;(6, 10);1;2606
;(6, 10);1;2607
;(6, 10);1;2608
;(6, 10);1;2609
;(6, 10);1;2610
;(6, 10);1;2611
;(6, 10);1;2612
;(6, 10);1;2613
;(6, 10);1;2614
;(6, 10);1;2615
;(6, 10);1;2616
;(6, 10);1;2617
;(6, 10);1;2618
;(6, 10);1;2619
;(6, 10);1;2620
;(6, 10);1;2621
;(6, 10);1;2622
;(6, 10);1;2623
;(6, 10);1;2624
;(6, 10);1;2625
;(6, 10);1;2626
;(6, 10);1;2627
;(6, 10);1;2628
;(6, 10);1;2629
;(6, 10);1;2630
;(6, 10);1;2631
;(6, 10);1;2632
;(6, 10);1;2633
;(6, 10);1;2634
;(6, 10);1;2635
;(6, 10);1;2636
;(6, 10);1;2637
;(6, 10);1;2638
;(6, 10);1;2639
;(6, 10);1;2640
;(6, 10);1;2641
;(6, 10);1;2642
;(6, 10);1;2643
;(6, 10);1;2644
;(6, 10);1;2645
;(6, 10);1;2646
;(6, 10);1;2647
;(6, 10);1;2648
;(6, 10);1;2649
;(6, 10);1;2650
;(6, 10);1;2651
;(6, 10);1;2652
;(6, 10);1;2653
;(6, 10);1;2654
;(6, 10);1;2655
;(6, 10);1;2656
;(6, 10);1;2657
;(6, 10);1;2658
;(6, 10);1;2659
;(6, 10);1;2660
;(6, 10);1;2661
;(6, 10);1;2662
;(6, 10);1;2663
;(6, 10);1;2664
;(6, 10);1;2665
;(6, 10);1;2666
;(6, 10);1;2667
;(6, 10);1;2668
;(6, 10);1;2669
;(6, 10);1;2670
;(6, 10);1;2671
;(6, 10);1;2672
;(6, 10);1;2673
;(6, 10);1;2674
;(6, 10);1;2675
;(6, 10);1;2676
;(6, 10);1;2677
;(6, 10);1;2678
;(6, 10);1;2679
;(6, 10);1;2680
;(6, 10);1;2681
;(6, 10);1;2682
;(6, 10);1;2683
;(6, 10);1;2684
;(6, 10);1;2685
;(6, 10);1;2686
;(6, 10);1;2687
;(6, 10);1;2688
;(6, 10);1;2689
;(6, 10);1;2690
;(6, 10);1;2691
;(6, 10);1;2692
;(6, 10);1;2693
;(6, 10);1;2694
;(6, 10);1;2695
;(6, 10);1;2696
;(6, 10);1;2697
;(6, 10);1;2698
;(6, 10);1;2699
;(6, 10);1;2700
;(6, 10);1;2701
;(6, 10);1;2702
;(6, 10);1;2703
;(6, 10);1;2704
;(6, 10);1;2705
;(6, 10);1;2706
;(6, 10);1;2707
;(6, 10);1;2708
;(6, 10);1;2709
;(6, 10);1;2710
;(6, 10);1;2711
;(6, 10);1;2712
;(6, 10);1;2713
;(6, 10);1;2714
;(6, 10);1;2715
;(6, 10);1;2716
;(6, 10);1;2717
;(6, 10);1;2718
;(6, 10);1;2719
;(6, 10);1;2720
;(6, 10);1;2721
;(6, 10);1;2722
;(6, 10);1;2723
;(6, 10);1;2724
;(6, 10);1;2725
;(6, 10);1;2726
;(6, 10);1;2727
;(6, 10);1;2728
;(6, 10);1;2729
;(6, 10);1;2730
;(6, 10);1;2731
;(6, 10);1;2732
;(6, 10);1;2733
;(6, 10);1;2734
;(6, 10);1;2735
;(6, 10);1;2736
;(6, 10);1;2737
;(6, 10);1;2738
;(6, 10);1;2739
;(6, 10);1;2740
;(6, 10);1;2741
;(6, 10);1;2742
;(6, 10);1;2743
;(6, 10);1;2744
;(6, 10);1;2745
;(6, 10);1;2746
;(6, 10);1;2747
;(6, 10);1;2748
;(6, 10);1;2749
;(6, 10);1;2750
;(6, 10);1;2751
;(6, 10);1;2752
;(6, 10);1;2753
;(6, 10);1;2754
;(6, 10);1;2755
;(6, 10);1;2756
;(6, 10);1;2757
;(6, 10);1;2758
;(6, 10);1;2759
;(6, 10);1;2760
;(6, 10);1;2761
;(6, 10);1;2762
;(6, 10);1;2763
;(6, 10);1;2764
;(6, 10);1;2765
;(6, 10);1;2766
;(6, 10);1;2767
;(6, 10);1;2768
;(6, 10);1;2769
;(6, 10);1;2770
;(6, 10);1;2771
;(6, 10);1;2772
;(6, 10);1;2773
;(6, 10);1;2774
;(6, 10);1;2775
;(6, 10);1;2776
;(6, 10);1;2777
;(6, 10);1;2778
;(6, 10);1;2779
;(6, 10);1;2780
;(6, 10);1;2781
;(6, 10);1;2782
;(6, 10);1;2783
;(6, 10);1;2784
;(6, 10);1;2785
;(6, 10);1;2786
;(6, 10);1;2787
;(6, 10);1;2788
;(6, 10);1;2789
;(6, 10);1;2790
;(6, 10);1;2791
;(6, 10);1;2792
;(6, 10);1;2793
;(6, 10);1;2794
;(6, 10);1;2795
;(6, 10);1;2796
;(6, 10);1;2797
;(6, 10);1;2798
;(6, 10);1;2799
;(6, 10);1;2800
;(6, 10);1;2801
;(6, 10);1;2802
;(6, 10);1;2803
;(6, 10);1;2804
;(6, 10);1;2805
;(6, 10);1;2806
;(6, 10);1;2807
;(6, 10);1;2808
;(6, 10);1;2809
;(6, 10);1;2810
;(6, 10);1;2811
;(6, 10);1;2812
;(6, 10);1;2813
;(6, 10);1;2814
;(6, 10);1;2815
;(6, 10);1;2816
;(6, 10);1;2817
;(6, 10);1;2818
;(6, 10);1;2819
;(6, 10);1;2820
;(6, 10);1;2821
;(6, 10);1;2822
;(6, 10);1;2823
;(6, 10);1;2824
;(6, 10);1;2825
;(6, 10);1;2826
;(6, 10);1;2827
;(6, 10);1;2828
;(6, 10);1;2829
;(6, 10);1;2830
;(6, 10);1;2831
;(6, 10);1;2832
;(6, 10);1;2833
;(6, 10);1;2834
;(6, 10);1;2835
;(6, 10);1;2836
;(6, 10);1;2837
;(6, 10);1;2838
;(6, 10);1;2839
;(6, 10);1;2840
;(6, 10);1;2841
;(6, 10);1;2842
;(6, 10);1;2843
;(6, 10);1;2844
;(6, 10);1;2845
;(6, 10);1;2846
;(6, 10);1;2847
;(6, 10);1;2848
;(6, 10);1;2849
;(6, 10);1;2850
;(6, 10);1;2851
;(6, 10);1;2852
;(6, 10);1;2853
;(6, 10);1;2854
;(6, 10);1;2855
;(6, 10);1;2856
;(6, 10);1;2857
;(6, 10);1;2858
;(6, 10);1;2859
;(6, 10);1;2860
;(6, 10);1;2861
;(6, 10);1;2862
;(6, 10);1;2863
;(6, 10);1;2864
;(6, 10);1;2865
;(6, 10);1;2866
;(6, 10);1;2867
;(6, 10);1;2868
;(6, 10);1;2869
;(6, 10);1;2870
;(6, 10);1;2871
;(6, 10);1;2872
;(6, 10);1;2873
;(6, 10);1;2874
;(6, 10);1;2875
;(6, 10);1;2876
;(6, 10);1;2877
;(6, 10);1;2878
;(6, 10);1;2879
;(6, 10);1;2880
;(6, 10);1;2881
;(6, 10);1;2882
;(6, 10);1;2883
;(6, 10);1;2884
;(6, 10);1;2885
;(6, 10);1;2886
;(6, 10);1;2887
;(6, 10);1;2888
;(6, 10);1;2889
;(6, 10);1;2890
;(6, 10);1;2891
;(6, 10);1;2892
;(6, 10);1;2893
;(6, 10);1;2894
;(6, 10);1;2895
;(6, 10);1;2896
;(6, 10);1;2897
;(6, 10);1;2898
;(6, 10);1;2899
;(6, 10);1;2900
;(6, 10);1;2901
;(6, 10);1;2902
;(6, 10);1;2903
;(6, 10);1;2904
;(6, 10);1;2905
;(6, 10);1;2906
;(6, 10);1;2907
;(6, 10);1;2908
;(6, 10);1;2909
;(6, 10);1;2910
;(6, 10);1;2911
;(6, 10);1;2912
;(6, 10);1;2913
;(6, 10);1;2914
;(6, 10);1;2915
;(6, 10);1;2916
;(6, 10);1;2917
;(6, 10);1;2918
;(6, 10);1;2919
;(6, 10);1;2920
;(6, 10);1;2921
;(6, 10);1;2922
;(6, 10);1;2923
;(6, 10);1;2924
;(6, 10);1;2925
;(6, 10);1;2926
;(6, 10);1;2927
;(6, 10);1;2928
;(6, 10);1;2929
;(6, 10);1;2930
;(6, 10);1;2931
;(6, 10);1;2932
;(6, 10);1;2933
;(6, 10);1;2934
;(6, 10);1;2935
;(6, 10);1;2936
;(6, 10);1;2937
;(6, 10);1;2938
;(6, 10);1;2939
;(6, 10);1;2940
;(6, 10);1;2941
;(6, 10);1;2942
;(6, 10);1;2943
;(6, 10);1;2944
;(6, 10);1;2945
;(6, 10);1;2946
;(6, 10);1;2947
;(6, 10);1;2948
;(6, 10);1;2949
;(6, 10);1;2950
;(6, 10);1;2951
;(6, 10);1;2952
;(6, 10);1;2953
;(6, 10);1;2954
;(6, 10);1;2955
;(6, 10);1;2956
;(6, 10);1;2957
;(6, 10);1;2958
;(6, 10);1;2959
;(6, 10);1;2960
;(6, 10);1;2961
;(6, 10);1;2962
;(6, 10);1;2963
;(6, 10);1;2964
;(6, 10);1;2965
;(6, 10);1;2966
;(6, 10);1;2967
;(6, 10);1;2968
;(6, 10);1;2969
;(6, 10);1;2970
;(6, 10);1;2971
;(6, 10);1;2972
;(6, 10);1;2973
;(6, 10);1;2974
;(6, 10);1;2975
;(6, 10);1;2976
;(6, 10);1;2977
;(6, 10);1;2978
;(6, 10);1;2979
;(6, 10);1;2980
;(6, 10);1;2981
;(6, 10);1;2982
;(6, 10);1;2983
;(6, 10);1;2984
;(6, 10);1;2985
;(6, 10);1;2986
;(6, 10);1;2987
;(6, 10);1;2988
;(6, 10);1;2989
;(6, 10);1;2990
;(6, 10);1;2991
;(6, 10);1;2992
;(6, 10);1;2993
;(6, 10);1;2994
;(6, 10);1;2995
;(6, 10);1;2996
;(6, 10);1;2997
;(6, 10);1;2998
;(6, 10);1;2999
;(6, 10);1;3000
;(6, 10);1;3001
;(6, 10);1;3002
;(6, 10);1;3003
;(6, 10);1;3004
;(6, 10);1;3005
;(6, 10);1;3006
;(6, 10);1;3007
;(6, 10);1;3008
;(6, 10);1;3009
;(6, 10);1;3010
;(6, 10);1;3011
;(6, 10);1;3012
;(6, 10);1;3013
;(6, 10);1;3014
;(6, 10);1;3015
;(6, 10);1;3016
;(6, 10);1;3017
;(6, 10);1;3018
;(6, 10);1;3019
